metric,baseline,improved
records,870,870
characters,157997,157997
runtime_seconds,15.249,19.2
ms_per_record,17.53,22.07
engine_build_seconds,0.625,0.066
gt_occurrences,3412,3412
predictions,2772,3877
tp,1596,2956
fn,1816,456
fp,1176,921
overall_recall,0.4678,0.8664
overall_precision,0.5758,0.7624
overall_f1,0.5162,0.8111
overall_redaction_coverage,0.5188,0.905
fp_traps,1038,1038
fp_trap_hits,199,199
fp_trap_hit_rate,0.1917,0.1917
residual_values,1238,250
residual_direct_identifier_rate,0.1954,0.0204
