case_id,constructed,record_id,annotation_id,entity_type,doc_type,diagnosis,excerpt,why_sensitive,category_before,observed_before,root_cause,risk,proposed_fix,regression_test,category_after,observed_after,verification_status,tags
DM-001,False,REC-00546,REC-00546-E03,CNIC,internal_operational_note,cnic_plain_missed,...r Account - UB*****35 / Customer NIC:42*********43 / Action: Verified customer identity...,National identity number: a lifelong unique identifier usable for identity fraud and linkage across systems.,missed,missed: no prediction overlaps the span,"Label glued to the number ('NIC:<13 digits>'). spaCy keeps it as one token, so Presidio's context enhancer finds no preceding context word and the plain 13-digit pattern stays at 0.30, below the 0.35 threshold.",Full CNIC left in redacted output.,"Label-anchored plain CNIC pattern (lookbehind on CNIC/NIC/National ID/NADRA ID/Identity No.), score 0.70.",tests/test_regression.py::test_dm_cnic_label_glued_to_number,exact,exact match,DETECTED_AFTER_FIX,cnic_plain
DM-002,False,CHAL-013,CHAL-013-E01,CNIC,internal_operational_note,cnic_plain_no_context,Customer read out 41*********93 twice on the call.,National identity number: a lifelong unique identifier usable for identity fraud and linkage across systems.,missed,missed: no prediction overlaps the span,Plain 13-digit number with no context word in the 5 preceding words. Scored 0.30 on purpose so that 13-digit barcodes are not redacted as CNICs.,Unlabelled CNIC survives redaction.,Not fixed: lowering the score would turn barcodes into CNIC detections. Mitigation: human review of documents with long digit runs; a reviewer-facing flag for unlabelled 13-digit numbers is future work.,tests/test_regression.py::test_dm_cnic_plain_no_context_documented_tradeoff,missed,missed: no prediction overlaps the span,NOT_FIXED_BY_DESIGN,cnic_plain;no_context
DM-003,False,CHAL-017,CHAL-017-E01,CNIC,contact_form,cnic_space_separated,CNIC: 21*********** 7 (customer typed it with spaces).,National identity number: a lifelong unique identifier usable for identity fraud and linkage across systems.,missed,missed: no prediction overlaps the span,Held-out format XXXXX XXXXXXX X: the recogniser only knew hyphenated and contiguous CNICs.,Full CNIC left in redacted output.,Add a space-separated 5-7-1 pattern (score 0.80).,tests/test_regression.py::test_dm_cnic_space_separated,exact,exact match,DETECTED_AFTER_FIX,cnic_spaced;heldout_format
DM-004,False,REC-00145,REC-00145-E04,PHONE_NUMBER,delivery_order,phone_dot_separated,...Ho********************************************la. Please call 03********68 on arrival.,"Personal mobile number: direct contact channel, enables harassment, SIM-swap and social-engineering attacks.",missed,missed: no prediction overlaps the span,Held-out format 03XX.XXXXXXX: the custom separator class was [ -] only and the built-in PhoneRecognizer (no PK region) did not report it in these contexts.,Mobile number left in redacted output.,Allow '.' as the local separator.,tests/test_regression.py::test_dm_phone_dot_separated,exact,exact match,DETECTED_AFTER_FIX,phone_dot_separated;heldout_format
DM-005,False,REC-00134,REC-00134-E03,PHONE_NUMBER,contact_form,phone_local_4_3_4,...il=na********************rg; phone=03*********07; topic=delivery,"Personal mobile number: direct contact channel, enables harassment, SIM-swap and social-engineering attacks.",missed,missed: no prediction overlaps the span,Held-out grouping 03XX XXX XXXX: no custom pattern; the built-in recogniser missed it.,Mobile number left in redacted output.,Add a 4-3-4 local pattern (score 0.80).,tests/test_regression.py::test_dm_phone_4_3_4,exact,exact match,DETECTED_AFTER_FIX,phone_local_4_3_4;heldout_format
DM-006,False,CHAL-019,CHAL-019-E02,PHONE_NUMBER,delivery_note,phone_partial,Contact:Ra*******ed(03********61),"Personal mobile number: direct contact channel, enables harassment, SIM-swap and social-engineering attacks.",partial,partial: predicted PHONE_NUMBER [19:32] '(0*********61' by PhoneRecognizer vs GT [20:32],"Two PHONE_NUMBER detections: the built-in PhoneRecognizer returned '(0321-...' including the bracket, the custom recogniser the exact number. The original normalisation rule 'larger span wins' kept the built-in span.",Low for redaction (the number is still covered) but the exact-span metric counts a miss.,Same-label containment precedence: custom recogniser span wins over a built-in one.,tests/test_regression.py::test_dm_phone_custom_span_precedence,exact,exact match,DETECTED_AFTER_FIX,phone_local_hyphen;no_whitespace
DM-007,False,REC-00002,REC-00002-E02,EMAIL_ADDRESS,contact_form,email_partial,...ntact; name=Pa***********in; email=p.*****************om; phone=03*******77; topic=new conn...,Personal email: direct contact channel and a common login identifier.,partial,partial: predicted EMAIL_ADDRESS [43:70] 'em***********************om' by EmailRecognizer vs GT [49:70],"Presidio's EmailRecognizer regex allows '=' in the local part, so in key=value text 'email=p.hussain@example.com' is matched as one address.",Low for redaction (over-redaction of the key) but wrong span; downstream parsers lose the key.,Span hygiene: drop a leading 'key=' from EMAIL_ADDRESS spans (both modes).,tests/test_regression.py::test_dm_email_field_key_prefix_trimmed,exact,exact match,DETECTED_AFTER_FIX,
DM-008,False,REC-00086,REC-00086-E02,EMAIL_ADDRESS,contact_form,email_uppercase_partial,...b-contact; name=Ta*******za; email=TA******************OM; cnic=35***********-1; topic=billi...,Personal email: direct contact channel and a common login identifier.,partial,partial: predicted EMAIL_ADDRESS [39:67] 'em************************OM' by EmailRecognizer vs GT [45:67],Same as email_partial: 'email=' swallowed in key=value text (the upper case was not the cause).,As email_partial.,Span hygiene: drop a leading 'key=' from EMAIL_ADDRESS spans (both modes).,tests/test_regression.py::test_dm_email_field_key_prefix_trimmed,exact,exact match,DETECTED_AFTER_FIX,uppercase_email
DM-009,False,CHAL-015,CHAL-015-E01,PERSON,internal_operational_note,person_lowercase_name_missed,"spoke to sh*********si about the leaking dispenser, will ...","Name of a customer or staff member: direct identifier, especially combined with an address or phone.",missed,missed: no prediction overlaps the span,All-lower-case name in free text. The labelled-person pattern is case-sensitive by design and en_core_web_sm does not tag lower-case names.,Customer name left in redacted output.,Not fixed: a name gazetteer would also match ordinary words and would be fitted to the generator's name list. Human review required.,tests/test_regression.py::test_dm_person_lowercase_name_expected_miss,missed,missed: no prediction overlaps the span,NOT_FIXED_BY_DESIGN,lowercase_name
DM-010,False,REC-00006,REC-00006-E01,PERSON,internal_operational_note,person_missed,Visited No********al today about account UB*****73. Cus...,"Name of a customer or staff member: direct identifier, especially combined with an address or phone.",missed,missed: no prediction overlaps the span,Unlabelled name in prose ('Visited <name> today ...') not tagged by en_core_web_sm; no label for the pattern recogniser. en_core_web_sm is the only NER signal for unlabelled names; the larger spaCy/Transformer models were excluded by the 8 GB RAM / disk constraints.,Customer name left in redacted output.,Not fixed in this prototype: needs a stronger NER model or more context patterns.,tests/test_regression.py::test_dm_person_unlabelled_in_prose_expected_miss,missed,missed: no prediction overlaps the span,NOT_FIXED_BY_DESIGN,
DM-011,False,REC-00048,REC-00048-E05,PERSON,internal_operational_note,person_three_token_name_missed,... Will call back on 03********61. - Al************ar,"Name of a customer or staff member: direct identifier, especially combined with an address or phone.",missed,missed: no prediction overlaps the span,Three-token staff signature after '- ' at the end of a note; not tagged by en_core_web_sm and no label precedes it. en_core_web_sm is the only NER signal for unlabelled names; the larger spaCy/Transformer models were excluded by the 8 GB RAM / disk constraints.,Staff name left in redacted output.,Not fixed: a signature pattern ('- Name Name') is possible but risks FPs on capitalised phrases; stronger NER preferred.,tests/test_regression.py::test_dm_person_three_token_signature_expected_miss,missed,missed: no prediction overlaps the span,NOT_FIXED_BY_DESIGN,three_token_name
DM-012,False,REC-00028,REC-00028-E01,PERSON,delivery_note,person_uppercase_name_missed,DN-751194 | drv: OM*******SI | to: Us*******al | +9************01...,"Name of a customer or staff member: direct identifier, especially combined with an address or phone.",missed,missed: no prediction overlaps the span,ALL-CAPS name after a short label ('drv:'); en_core_web_sm does not tag it and the labelled-person pattern requires capitalised tokens.,Driver name left in redacted output.,Not fixed: an upper-case variant would match headings such as 'DELIVERY NOTE'. Human review required.,tests/test_regression.py::test_dm_person_uppercase_name_expected_miss,missed,missed: no prediction overlaps the span,NOT_FIXED_BY_DESIGN,uppercase_name
DM-013,False,REC-00127,REC-00127-E01,PERSON,delivery_order,person_lowercase_name_partial,order pls - name ha**********hi | ph +9***********11 | addr Sh**************************an...,"Name of a customer or staff member: direct identifier, especially combined with an address or phone.",partial,partial: predicted PERSON [17:40] 'ha*******************92' by SpacyRecognizer vs GT [17:31],spaCy PERSON span ran across the '|' field delimiter into the next field ('haris hashmi | ph +92').,Over-redaction of the neighbouring field; exact-span miss.,"Span hygiene: end PERSON spans at field delimiters, line breaks and digits.",tests/test_regression.py::test_dm_person_span_cut_at_field_delimiter,exact,exact match,DETECTED_AFTER_FIX,lowercase_name
DM-014,False,CHAL-019,CHAL-019-E01,PERSON,delivery_note,person_no_whitespace_partial,Contact:Ra*******ed(03********61),"Name of a customer or staff member: direct identifier, especially combined with an address or phone.",partial,partial: predicted PERSON [8:32] 'Ra********************61' by SpacyRecognizer vs GT [8:19],spaCy PERSON span continued through '(' into the phone number ('Raza Ahmed(0321-...').,Over-redaction and wrong label on the phone digits; exact-span miss.,"Span hygiene: end PERSON spans at field delimiters, line breaks and digits.",tests/test_regression.py::test_dm_person_span_cut_at_field_delimiter,exact,exact match,DETECTED_AFTER_FIX,no_whitespace
DM-015,False,CHAL-008,CHAL-008-E01,PERSON,subscription_record,person_partial,Subscriber Ma***********ri at Fl*************************************00...,"Name of a customer or staff member: direct identifier, especially combined with an address or phone.",partial,partial: predicted PERSON [0:26] 'Su**********************ri' by SpacyRecognizer vs GT [11:26],spaCy included the form label in the PERSON span ('Subscriber Mahnoor Bukhari').,Label word over-redacted; exact-span miss.,Span hygiene: strip leading form labels/titles from PERSON spans.,tests/test_regression.py::test_dm_person_leading_label_trimmed,exact,exact match,DETECTED_AFTER_FIX,
