mode,doc_type,gt_count,pred_count,tp,fn,fp,recall,precision,f1,redaction_coverage
baseline,contact_form,525,390,360,165,30,0.6857,0.9231,0.7869,0.6914
baseline,customer_service_message,544,420,401,143,19,0.7371,0.9548,0.8320,0.7482
baseline,delivery_note,573,637,289,284,348,0.5044,0.4537,0.4777,0.5131
baseline,delivery_order,577,587,240,337,347,0.4159,0.4089,0.4124,0.4246
baseline,internal_operational_note,535,284,198,337,86,0.3701,0.6972,0.4835,0.3794
baseline,subscription_record,658,451,226,432,225,0.3435,0.5011,0.4076,0.3632
improved,contact_form,525,535,510,15,25,0.9714,0.9533,0.9623,0.9752
improved,customer_service_message,544,536,521,23,15,0.9577,0.9720,0.9648,0.9577
improved,delivery_note,573,617,489,84,128,0.8534,0.7925,0.8218,0.8604
improved,delivery_order,577,727,533,44,194,0.9237,0.7331,0.8175,0.9289
improved,internal_operational_note,535,487,442,93,45,0.8262,0.9076,0.8650,0.8262
improved,subscription_record,658,764,600,58,164,0.9119,0.7853,0.8439,0.9119
