mode,tag,gt_count,tp,fn,partial,wrong_label,recall,overlap_recall,redaction_coverage
baseline,accented_name,1,1,0,0,0,1.0000,1.0000,1.0000
baseline,addr_abbrev_lower,21,0,21,2,0,0.0000,0.0952,0.0000
baseline,addr_flat,63,0,63,31,0,0.0000,0.4921,0.0000
baseline,addr_h_no,40,0,40,16,0,0.0000,0.4000,0.0000
baseline,addr_house_no_road,72,0,72,50,0,0.0000,0.6944,0.0000
baseline,addr_house_street_block,109,0,109,50,0,0.0000,0.4587,0.0000
baseline,addr_landmark,43,0,43,12,0,0.0000,0.2791,0.0000
baseline,addr_plot_sector,40,0,40,35,0,0.0000,0.8750,0.0000
baseline,addr_shop,28,0,28,15,0,0.0000,0.5357,0.0000
baseline,at_text_end,1,1,0,0,0,1.0000,1.0000,1.0000
baseline,at_text_start,1,1,0,0,0,1.0000,1.0000,1.0000
baseline,challenge,1,0,1,0,0,0.0000,0.0000,0.0000
baseline,cnic_hyphen,131,0,131,0,0,0.0000,0.0000,0.0000
baseline,cnic_plain,62,0,62,0,0,0.0000,0.0000,0.0000
baseline,cnic_spaced,10,0,10,0,0,0.0000,0.0000,0.0000
baseline,custid_lowercase,21,0,21,0,0,0.0000,0.0000,0.0000
baseline,email_angle,1,1,0,0,0,1.0000,1.0000,1.0000
baseline,email_parentheses,1,1,0,0,0,1.0000,1.0000,1.0000
baseline,email_plus,25,25,0,0,0,1.0000,1.0000,1.0000
baseline,heldout_format,102,40,62,12,0,0.3922,0.5098,0.3922
baseline,long_sentence,1,0,1,0,0,0.0000,0.0000,0.0000
baseline,lowercase_name,43,6,37,3,0,0.1395,0.2093,0.1395
baseline,nested,2,0,2,0,0,0.0000,0.0000,0.0000
baseline,no_context,18,0,18,0,0,0.0000,0.0000,0.0000
baseline,no_space_title,1,1,0,0,0,1.0000,1.0000,1.0000
baseline,no_whitespace,2,1,1,1,0,0.5000,1.0000,1.0000
baseline,phone_dot_separated,29,24,5,0,0,0.8276,0.8276,0.8276
baseline,phone_intl00_hyphen,35,35,0,0,0,1.0000,1.0000,1.0000
baseline,phone_intl00_space,20,20,0,0,0,1.0000,1.0000,1.0000
baseline,phone_intl_hyphen,47,47,0,0,0,1.0000,1.0000,1.0000
baseline,phone_intl_plain,74,74,0,0,0,1.0000,1.0000,1.0000
baseline,phone_intl_space,67,67,0,0,0,1.0000,1.0000,1.0000
baseline,phone_intl_space_split,63,63,0,0,0,1.0000,1.0000,1.0000
baseline,phone_local_4_3_4,20,16,4,0,0,0.8000,0.8000,0.8000
baseline,phone_local_hyphen,121,111,10,1,0,0.9174,0.9256,0.9256
baseline,phone_local_plain,101,81,20,0,0,0.8020,0.8020,0.8020
baseline,phone_local_space,62,52,10,0,0,0.8387,0.8387,0.8387
baseline,phone_parenthesised,1,1,0,0,0,1.0000,1.0000,1.0000
baseline,possessive,1,1,0,0,0,1.0000,1.0000,1.0000
baseline,postal_after_city,119,0,119,0,0,0.0000,0.0000,0.0168
baseline,postal_labelled,57,0,57,0,0,0.0000,0.0000,0.0000
baseline,repeated_value,48,40,8,0,0,0.8333,0.8333,0.8333
baseline,single_token_name,1,1,0,0,0,1.0000,1.0000,1.0000
baseline,three_token_name,95,50,45,17,0,0.5263,0.7053,0.5263
baseline,unicode_context,53,40,13,0,3,0.7547,0.7547,0.8113
baseline,uppercase_email,22,22,0,0,0,1.0000,1.0000,1.0000
baseline,uppercase_name,46,5,41,2,0,0.1087,0.1522,0.1087
improved,accented_name,1,1,0,0,0,1.0000,1.0000,1.0000
improved,addr_abbrev_lower,21,21,0,0,0,1.0000,1.0000,1.0000
improved,addr_flat,63,62,1,1,0,0.9841,1.0000,0.9841
improved,addr_h_no,40,40,0,0,0,1.0000,1.0000,1.0000
improved,addr_house_no_road,72,72,0,0,0,1.0000,1.0000,1.0000
improved,addr_house_street_block,109,109,0,0,0,1.0000,1.0000,1.0000
improved,addr_landmark,43,0,43,12,0,0.0000,0.2791,0.0000
improved,addr_plot_sector,40,40,0,0,0,1.0000,1.0000,1.0000
improved,addr_shop,28,28,0,0,0,1.0000,1.0000,1.0000
improved,at_text_end,1,1,0,0,0,1.0000,1.0000,1.0000
improved,at_text_start,1,1,0,0,0,1.0000,1.0000,1.0000
improved,challenge,1,1,0,0,0,1.0000,1.0000,1.0000
improved,cnic_hyphen,131,131,0,0,0,1.0000,1.0000,1.0000
improved,cnic_plain,62,54,8,0,0,0.8710,0.8710,0.8710
improved,cnic_spaced,10,10,0,0,0,1.0000,1.0000,1.0000
improved,custid_lowercase,21,21,0,0,0,1.0000,1.0000,1.0000
improved,email_angle,1,1,0,0,0,1.0000,1.0000,1.0000
improved,email_parentheses,1,1,0,0,0,1.0000,1.0000,1.0000
improved,email_plus,25,25,0,0,0,1.0000,1.0000,1.0000
improved,heldout_format,102,59,43,12,0,0.5784,0.6961,0.5784
improved,long_sentence,1,1,0,0,0,1.0000,1.0000,1.0000
improved,lowercase_name,43,6,37,3,0,0.1395,0.2093,0.1395
improved,nested,2,1,1,1,0,0.5000,1.0000,0.5000
improved,no_context,18,10,8,0,0,0.5556,0.5556,0.5556
improved,no_space_title,1,1,0,0,0,1.0000,1.0000,1.0000
improved,no_whitespace,2,2,0,0,0,1.0000,1.0000,1.0000
improved,phone_dot_separated,29,29,0,0,0,1.0000,1.0000,1.0000
improved,phone_intl00_hyphen,35,35,0,0,0,1.0000,1.0000,1.0000
improved,phone_intl00_space,20,20,0,0,0,1.0000,1.0000,1.0000
improved,phone_intl_hyphen,47,47,0,0,0,1.0000,1.0000,1.0000
improved,phone_intl_plain,74,74,0,0,0,1.0000,1.0000,1.0000
improved,phone_intl_space,67,67,0,0,0,1.0000,1.0000,1.0000
improved,phone_intl_space_split,63,63,0,0,0,1.0000,1.0000,1.0000
improved,phone_local_4_3_4,20,20,0,0,0,1.0000,1.0000,1.0000
improved,phone_local_hyphen,121,121,0,0,0,1.0000,1.0000,1.0000
improved,phone_local_plain,101,101,0,0,0,1.0000,1.0000,1.0000
improved,phone_local_space,62,62,0,0,0,1.0000,1.0000,1.0000
improved,phone_parenthesised,1,1,0,0,0,1.0000,1.0000,1.0000
improved,possessive,1,1,0,0,0,1.0000,1.0000,1.0000
improved,postal_after_city,119,119,0,0,0,1.0000,1.0000,1.0000
improved,postal_labelled,57,57,0,0,0,1.0000,1.0000,1.0000
improved,repeated_value,48,40,8,0,0,0.8333,0.8333,0.8333
improved,single_token_name,1,1,0,0,0,1.0000,1.0000,1.0000
improved,three_token_name,95,66,29,11,0,0.6947,0.8105,0.6947
improved,unicode_context,53,50,3,0,0,0.9434,0.9434,0.9434
improved,uppercase_email,22,22,0,0,0,1.0000,1.0000,1.0000
improved,uppercase_name,46,5,41,2,0,0.1087,0.1522,0.1087
