mode,trap_kind,traps,hits,hit_rate
baseline,barcode,22,0,0.0000
baseline,batch_code,89,59,0.6629
baseline,bottle_count,305,0,0.0000
baseline,date,159,4,0.0252
baseline,invoice_number,67,0,0.0000
baseline,invoice_total,72,0,0.0000
baseline,order_digits,120,5,0.0417
baseline,order_number,58,58,1.0000
baseline,tracking_number,22,0,0.0000
baseline,vehicle_plate,124,67,0.5403
baseline,ALL,1038,193,0.1859
improved,barcode,22,0,0.0000
improved,batch_code,89,0,0.0000
improved,bottle_count,305,0,0.0000
improved,date,159,4,0.0252
improved,invoice_number,67,0,0.0000
improved,invoice_total,72,0,0.0000
improved,order_digits,120,5,0.0417
improved,order_number,58,0,0.0000
improved,tracking_number,22,0,0.0000
improved,vehicle_plate,124,0,0.0000
improved,ALL,1038,9,0.0087
