mode,record_id,annotation_id,entity_type,masked_value,match_kind
baseline,REC-00001,REC-00001-E02,CUSTOMER_ID,UB*****37,exact
baseline,REC-00001,REC-00001-E03,ADDRESS,Ho***********************************************ar,exact
baseline,REC-00003,REC-00003-E02,CUSTOMER_ID,UB*****60,exact
baseline,REC-00003,REC-00003-E05,POSTAL_CODE,5****,exact
baseline,REC-00005,REC-00005-E03,CUSTOMER_ID,UB*****86,exact
baseline,REC-00006,REC-00006-E01,PERSON,No********al,exact
baseline,REC-00006,REC-00006-E02,CUSTOMER_ID,UB*****73,exact
baseline,REC-00006,REC-00006-E03,CNIC,42***********-9,exact
baseline,REC-00006,REC-00006-E05,PERSON,wa*******ar,exact
baseline,REC-00007,REC-00007-E01,PERSON,Bu*********ed,exact
baseline,REC-00007,REC-00007-E02,ADDRESS,Fl************************************************ad,exact
baseline,REC-00007,REC-00007-E03,POSTAL_CODE,2****,exact
baseline,REC-00008,REC-00008-E04,CNIC,38***********-7,exact
baseline,REC-00009,REC-00009-E01,CUSTOMER_ID,UB*****50,exact
baseline,REC-00009,REC-00009-E04,POSTAL_CODE,6****,exact
baseline,REC-00009,REC-00009-E05,PERSON,No**********ni,exact
baseline,REC-00010,REC-00010-E01,ADDRESS,Ho*******************************************ad,exact
baseline,REC-00010,REC-00010-E03,PERSON,Ad*************ob,exact
baseline,REC-00011,REC-00011-E01,PERSON,Na********ri,exact
baseline,REC-00012,REC-00012-E03,CNIC,42***********-7,exact
baseline,REC-00012,REC-00012-E05,PERSON,Na********kh,exact
baseline,REC-00013,REC-00013-E02,CUSTOMER_ID,UB*****50,exact
baseline,REC-00014,REC-00014-E03,CNIC,42*********26,exact
baseline,REC-00015,REC-00015-E02,PERSON,Ki********ma,exact
baseline,REC-00015,REC-00015-E05,POSTAL_CODE,3****,exact
baseline,REC-00017,REC-00017-E04,CUSTOMER_ID,UB*****63,exact
baseline,REC-00018,REC-00018-E01,PHONE_NUMBER,03*******26,exact
baseline,REC-00018,REC-00018-E02,CNIC,52*********48,exact
baseline,REC-00018,REC-00018-E03,CUSTOMER_ID,UB*****19,exact
baseline,REC-00020,REC-00020-E04,CNIC,41*********84,exact
baseline,REC-00021,REC-00021-E05,POSTAL_CODE,1****,exact
baseline,REC-00023,REC-00023-E03,CUSTOMER_ID,UB*****71,exact
baseline,REC-00025,REC-00025-E04,POSTAL_CODE,7****,exact
baseline,REC-00026,REC-00026-E04,CUSTOMER_ID,UB*****89,exact
baseline,REC-00026,REC-00026-E05,CNIC,17***********-1,exact
baseline,REC-00027,REC-00027-E02,CUSTOMER_ID,UB*****76,exact
baseline,REC-00027,REC-00027-E03,POSTAL_CODE,4****,exact
baseline,REC-00027,REC-00027-E04,ADDRESS,Ho*****************************************ta,exact
baseline,REC-00028,REC-00028-E01,PERSON,OM*******SI,exact
baseline,REC-00028,REC-00028-E02,PERSON,Us*******al,exact
baseline,REC-00029,REC-00029-E03,CUSTOMER_ID,UB*****45,exact
baseline,REC-00030,REC-00030-E02,CUSTOMER_ID,UB*****59,exact
baseline,REC-00030,REC-00030-E03,CNIC,55*********88,exact
baseline,REC-00031,REC-00031-E01,PERSON,RI***********UI,exact
baseline,REC-00031,REC-00031-E04,POSTAL_CODE,8****,exact
baseline,REC-00033,REC-00033-E02,ADDRESS,Ho******************************************************ad,exact
baseline,REC-00033,REC-00033-E03,POSTAL_CODE,7****,exact
baseline,REC-00033,REC-00033-E04,CUSTOMER_ID,ub*****15,exact
baseline,REC-00033,REC-00033-E05,PERSON,SA*********UI,exact
baseline,REC-00034,REC-00034-E03,PERSON,Yu*******ik,exact
baseline,REC-00035,REC-00035-E04,CUSTOMER_ID,UB*****31,exact
baseline,REC-00036,REC-00036-E01,CUSTOMER_ID,ub*****94,exact
baseline,REC-00036,REC-00036-E03,CNIC,61***********-9,exact
baseline,REC-00037,REC-00037-E01,PERSON,Fa*********ed,exact
baseline,REC-00037,REC-00037-E02,CUSTOMER_ID,UB*****49,exact
baseline,REC-00037,REC-00037-E03,ADDRESS,ne***************************************************ta,exact
baseline,REC-00039,REC-00039-E03,POSTAL_CODE,5****,exact
baseline,REC-00041,REC-00041-E04,CUSTOMER_ID,UB*****64,exact
baseline,REC-00042,REC-00042-E02,CUSTOMER_ID,UB*****05,exact
baseline,REC-00042,REC-00042-E03,CNIC,38***********-3,exact
baseline,REC-00043,REC-00043-E01,PERSON,Na**********ui,exact
baseline,REC-00044,REC-00044-E04,CNIC,17*********** 2,exact
baseline,REC-00045,REC-00045-E01,CUSTOMER_ID,UB*****70,exact
baseline,REC-00045,REC-00045-E04,ADDRESS,Pl******************************ad,exact
baseline,REC-00045,REC-00045-E05,POSTAL_CODE,3****,exact
baseline,REC-00047,REC-00047-E03,CUSTOMER_ID,UB*****48,exact
baseline,REC-00048,REC-00048-E02,CUSTOMER_ID,UB*****99,exact
baseline,REC-00048,REC-00048-E03,CNIC,17***********-3,exact
baseline,REC-00048,REC-00048-E04,PHONE_NUMBER,03********61,exact
baseline,REC-00048,REC-00048-E05,PERSON,Al************ar,exact
baseline,REC-00049,REC-00049-E02,CUSTOMER_ID,UB*****79,exact
baseline,REC-00050,REC-00050-E03,PHONE_NUMBER,03*******17,exact
baseline,REC-00050,REC-00050-E04,CNIC,33*********92,exact
baseline,REC-00051,REC-00051-E05,POSTAL_CODE,6****,exact
baseline,REC-00053,REC-00053-E04,CUSTOMER_ID,UB*****10,exact
baseline,REC-00054,REC-00054-E01,CUSTOMER_ID,UB*****35,exact
baseline,REC-00054,REC-00054-E04,CNIC,42***********-4,exact
baseline,REC-00056,REC-00056-E03,PHONE_NUMBER,03********56,exact
baseline,REC-00057,REC-00057-E01,CUSTOMER_ID,UB*****49,exact
baseline,REC-00060,REC-00060-E01,CUSTOMER_ID,UB*****87,exact
baseline,REC-00060,REC-00060-E03,PERSON,Im********ni,exact
baseline,REC-00061,REC-00061-E01,PERSON,Iq******al,exact
baseline,REC-00063,REC-00063-E01,CUSTOMER_ID,UB*****52,exact
baseline,REC-00063,REC-00063-E04,ADDRESS,Ho**********************************************di,exact
baseline,REC-00063,REC-00063-E05,POSTAL_CODE,5****,exact
baseline,REC-00064,REC-00064-E02,PERSON,La*********ri,exact
baseline,REC-00066,REC-00066-E03,CNIC,55*********93,exact
baseline,REC-00066,REC-00066-E04,CUSTOMER_ID,UB*****51,exact
baseline,REC-00067,REC-00067-E04,POSTAL_CODE,2****,exact
baseline,REC-00069,REC-00069-E01,PERSON,Wa*********qi,exact
baseline,REC-00069,REC-00069-E02,ADDRESS,h **********************************ad,exact
baseline,REC-00069,REC-00069-E04,POSTAL_CODE,2****,exact
baseline,REC-00069,REC-00069-E05,CUSTOMER_ID,UB*****04,exact
baseline,REC-00070,REC-00070-E02,PERSON,wa*********ni,exact
baseline,REC-00071,REC-00071-E04,CUSTOMER_ID,UB*****16,exact
baseline,REC-00072,REC-00072-E02,CUSTOMER_ID,UB*****32,exact
baseline,REC-00072,REC-00072-E03,CNIC,55*********98,exact
baseline,REC-00073,REC-00073-E02,CUSTOMER_ID,UB*****53,exact
baseline,REC-00074,REC-00074-E04,CNIC,35***********-6,exact
baseline,REC-00075,REC-00075-E01,CUSTOMER_ID,UB*****09,exact
baseline,REC-00075,REC-00075-E02,PERSON,Na********ri,exact
baseline,REC-00075,REC-00075-E05,POSTAL_CODE,7****,exact
baseline,REC-00076,REC-00076-E03,PERSON,No*******ig,exact
baseline,REC-00076,REC-00076-E04,PERSON,Eh*******al,exact
baseline,REC-00077,REC-00077-E04,CUSTOMER_ID,UB*****68,exact
baseline,REC-00078,REC-00078-E02,CUSTOMER_ID,UB*****58,exact
baseline,REC-00078,REC-00078-E03,CNIC,41***********-9,exact
baseline,REC-00078,REC-00078-E05,PERSON,Wa**********ui,exact
baseline,REC-00079,REC-00079-E02,CUSTOMER_ID,UB*****79,exact
baseline,REC-00079,REC-00079-E03,ADDRESS,Ho************************************************ar,exact
baseline,REC-00081,REC-00081-E02,CUSTOMER_ID,UB*****46,exact
baseline,REC-00082,REC-00082-E01,PERSON,IM*********IN,exact
baseline,REC-00083,REC-00083-E04,CUSTOMER_ID,UB*****74,exact
baseline,REC-00084,REC-00084-E01,CUSTOMER_ID,UB*****35,exact
baseline,REC-00085,REC-00085-E03,POSTAL_CODE,1****,exact
baseline,REC-00085,REC-00085-E05,CUSTOMER_ID,UB*****36,exact
baseline,REC-00086,REC-00086-E03,CNIC,35***********-1,exact
baseline,REC-00087,REC-00087-E02,CUSTOMER_ID,UB*****30,exact
baseline,REC-00088,REC-00088-E01,PERSON,Yu*******za,exact
baseline,REC-00089,REC-00089-E03,CUSTOMER_ID,UB*****65,exact
baseline,REC-00089,REC-00089-E04,PHONE_NUMBER,03*******93,exact
baseline,REC-00090,REC-00090-E01,PERSON,eh********ed,exact
baseline,REC-00090,REC-00090-E02,CUSTOMER_ID,UB*****06,exact
baseline,REC-00090,REC-00090-E03,CNIC,38*********14,exact
baseline,REC-00090,REC-00090-E05,PERSON,Yu*******ar,exact
baseline,REC-00091,REC-00091-E01,PERSON,Fa*********ri,exact
baseline,REC-00091,REC-00091-E02,CUSTOMER_ID,UB*****15,exact
baseline,REC-00091,REC-00091-E05,POSTAL_CODE,5****,exact
baseline,REC-00092,REC-00092-E01,PERSON,SA*******NI,exact
baseline,REC-00093,REC-00093-E02,CUSTOMER_ID,UB*****18,exact
baseline,REC-00093,REC-00093-E05,POSTAL_CODE,3****,exact
baseline,REC-00095,REC-00095-E04,CUSTOMER_ID,UB*****15,exact
baseline,REC-00096,REC-00096-E01,PERSON,Us*********qi,exact
baseline,REC-00096,REC-00096-E02,CUSTOMER_ID,UB*****86,exact
baseline,REC-00096,REC-00096-E03,CNIC,33***********-6,exact
baseline,REC-00096,REC-00096-E05,PERSON,Ha********ma,exact
baseline,REC-00097,REC-00097-E05,POSTAL_CODE,6****,exact
baseline,REC-00098,REC-00098-E04,CNIC,38*********** 7,exact
baseline,REC-00099,REC-00099-E02,CUSTOMER_ID,UB*****92,exact
baseline,REC-00100,REC-00100-E01,PERSON,Na********ar,exact
baseline,REC-00101,REC-00101-E04,CUSTOMER_ID,UB*****15,exact
baseline,REC-00102,REC-00102-E02,CUSTOMER_ID,UB*****31,exact
baseline,REC-00102,REC-00102-E03,CNIC,35***********-6,exact
baseline,REC-00102,REC-00102-E05,PERSON,Om*******ri,exact
baseline,REC-00103,REC-00103-E01,PERSON,Us********ut,exact
baseline,REC-00103,REC-00103-E02,CUSTOMER_ID,UB*****40,exact
baseline,REC-00105,REC-00105-E02,CUSTOMER_ID,UB*****93,exact
baseline,REC-00105,REC-00105-E05,POSTAL_CODE,8****,exact
baseline,REC-00106,REC-00106-E01,PERSON,Na*******za,exact
baseline,REC-00106,REC-00106-E03,ADDRESS,H.*********************************ta,exact
baseline,REC-00107,REC-00107-E04,CUSTOMER_ID,UB*****38,exact
baseline,REC-00108,REC-00108-E02,CUSTOMER_ID,UB*****47,exact
baseline,REC-00108,REC-00108-E03,CNIC,35*********54,exact
baseline,REC-00109,REC-00109-E01,ADDRESS,Fl*********************************************ad,exact
baseline,REC-00109,REC-00109-E02,POSTAL_CODE,4****,exact
baseline,REC-00109,REC-00109-E03,PHONE_NUMBER,03*******59,exact
baseline,REC-00109,REC-00109-E05,CUSTOMER_ID,UB*****69,exact
baseline,REC-00110,REC-00110-E04,CNIC,33***********-9,exact
baseline,REC-00111,REC-00111-E01,CUSTOMER_ID,UB*****03,exact
baseline,REC-00111,REC-00111-E04,POSTAL_CODE,4****,exact
baseline,REC-00111,REC-00111-E05,PERSON,la*******hi,exact
baseline,REC-00112,REC-00112-E04,PERSON,Na********ma,exact
baseline,REC-00113,REC-00113-E01,PERSON,AD*******AR,exact
baseline,REC-00114,REC-00114-E01,PERSON,iq*****ig,exact
baseline,REC-00114,REC-00114-E02,CUSTOMER_ID,ub*****77,exact
baseline,REC-00114,REC-00114-E03,CNIC,41***********-7,exact
baseline,REC-00114,REC-00114-E05,PERSON,Ha*******za,exact
baseline,REC-00115,REC-00115-E04,POSTAL_CODE,4****,exact
baseline,REC-00116,REC-00116-E04,CNIC,42*********27,exact
baseline,REC-00117,REC-00117-E03,POSTAL_CODE,4****,exact
baseline,REC-00117,REC-00117-E05,CUSTOMER_ID,UB*****26,exact
baseline,REC-00120,REC-00120-E02,CUSTOMER_ID,UB*****08,exact
baseline,REC-00120,REC-00120-E03,CNIC,33***********-7,exact
baseline,REC-00120,REC-00120-E05,PERSON,GH*********NI,exact
baseline,REC-00121,REC-00121-E02,CUSTOMER_ID,UB*****61,exact
baseline,REC-00121,REC-00121-E04,POSTAL_CODE,8****,exact
baseline,REC-00122,REC-00122-E04,CNIC,61*********07,exact
baseline,REC-00123,REC-00123-E02,CUSTOMER_ID,UB*****55,exact
baseline,REC-00123,REC-00123-E05,POSTAL_CODE,2****,exact
baseline,REC-00124,REC-00124-E01,PERSON,Na*********ni,exact
baseline,REC-00125,REC-00125-E01,PERSON,ZA*****************HI,exact
baseline,REC-00126,REC-00126-E02,CUSTOMER_ID,UB*****26,exact
baseline,REC-00126,REC-00126-E03,CNIC,52***********-8,exact
baseline,REC-00127,REC-00127-E04,POSTAL_CODE,1****,exact
baseline,REC-00128,REC-00128-E03,CUSTOMER_ID,UB*****32,exact
baseline,REC-00129,REC-00129-E01,CUSTOMER_ID,UB*****38,exact
baseline,REC-00129,REC-00129-E05,POSTAL_CODE,6****,exact
baseline,REC-00130,REC-00130-E02,PERSON,WA*********HI,exact
baseline,REC-00131,REC-00131-E03,PHONE_NUMBER,03*******76,exact
baseline,REC-00133,REC-00133-E02,ADDRESS,Ho*************************************************ur,exact
baseline,REC-00133,REC-00133-E03,POSTAL_CODE,5****,exact
baseline,REC-00134,REC-00134-E01,PERSON,na***************ed,exact
baseline,REC-00134,REC-00134-E03,PHONE_NUMBER,03*********07,exact
baseline,REC-00135,REC-00135-E01,PERSON,No**********qi,exact
baseline,REC-00135,REC-00135-E05,POSTAL_CODE,6****,exact
baseline,REC-00136,REC-00136-E02,PERSON,Wa********ma,exact
baseline,REC-00136,REC-00136-E03,ADDRESS,H.**********************************ot,exact
baseline,REC-00138,REC-00138-E03,CUSTOMER_ID,UB*****67,exact
baseline,REC-00139,REC-00139-E01,PERSON,Yu*******ar,exact
baseline,REC-00139,REC-00139-E04,POSTAL_CODE,3****,exact
baseline,REC-00141,REC-00141-E01,PERSON,Ha*******ed,exact
baseline,REC-00141,REC-00141-E02,CUSTOMER_ID,UB*****57,exact
baseline,REC-00143,REC-00143-E04,CUSTOMER_ID,UB*****53,exact
baseline,REC-00144,REC-00144-E01,PERSON,qa********ob,exact
baseline,REC-00144,REC-00144-E02,CUSTOMER_ID,UB*****51,exact
baseline,REC-00144,REC-00144-E03,CNIC,35***********-7,exact
baseline,REC-00145,REC-00145-E02,CUSTOMER_ID,UB*****06,exact
baseline,REC-00145,REC-00145-E04,PHONE_NUMBER,03********68,exact
baseline,REC-00146,REC-00146-E01,CNIC,61***********-1,exact
baseline,REC-00146,REC-00146-E02,CUSTOMER_ID,UB*****92,exact
baseline,REC-00146,REC-00146-E05,PERSON,Ma**********ut,exact
baseline,REC-00147,REC-00147-E01,PERSON,La********ni,exact
baseline,REC-00147,REC-00147-E02,CUSTOMER_ID,UB*****64,exact
baseline,REC-00147,REC-00147-E05,POSTAL_CODE,3****,exact
baseline,REC-00148,REC-00148-E01,PERSON,La********si,exact
baseline,REC-00149,REC-00149-E03,PERSON,Ad*******al,exact
baseline,REC-00149,REC-00149-E04,CUSTOMER_ID,UB*****83,exact
baseline,REC-00150,REC-00150-E02,CUSTOMER_ID,UB*****92,exact
baseline,REC-00150,REC-00150-E03,CNIC,61*********06,exact
baseline,REC-00150,REC-00150-E05,PERSON,Hi********ri,exact
baseline,REC-00151,REC-00151-E04,POSTAL_CODE,8****,exact
baseline,REC-00152,REC-00152-E03,CUSTOMER_ID,UB*****71,exact
baseline,REC-00152,REC-00152-E04,PERSON,Fa*********ma,exact
baseline,REC-00152,REC-00152-E05,CNIC,55***********-4,exact
baseline,REC-00153,REC-00153-E02,CUSTOMER_ID,UB*****70,exact
baseline,REC-00154,REC-00154-E01,PERSON,Ra*******al,exact
baseline,REC-00154,REC-00154-E04,PERSON,No**********ni,exact
baseline,REC-00155,REC-00155-E03,PERSON,Na*******ed,exact
baseline,REC-00155,REC-00155-E04,CUSTOMER_ID,UB*****30,exact
baseline,REC-00156,REC-00156-E02,CUSTOMER_ID,UB*****89,exact
baseline,REC-00156,REC-00156-E04,CNIC,17***********-9,exact
baseline,REC-00157,REC-00157-E02,POSTAL_CODE,8****,exact
baseline,REC-00157,REC-00157-E05,CUSTOMER_ID,ub*****51,exact
baseline,REC-00158,REC-00158-E01,PERSON,Da********ut,exact
baseline,REC-00159,REC-00159-E01,PERSON,Ay********al,exact
baseline,REC-00159,REC-00159-E02,CUSTOMER_ID,UB*****38,exact
baseline,REC-00160,REC-00160-E04,ADDRESS,h *********************************ar,exact
baseline,REC-00161,REC-00161-E04,CUSTOMER_ID,UB*****29,exact
baseline,REC-00162,REC-00162-E01,PERSON,AD**********RY,exact
baseline,REC-00162,REC-00162-E02,CUSTOMER_ID,UB*****07,exact
baseline,REC-00162,REC-00162-E03,CNIC,55***********-7,exact
baseline,REC-00162,REC-00162-E05,PERSON,La****************ui,exact
baseline,REC-00165,REC-00165-E01,CUSTOMER_ID,UB*****01,exact
baseline,REC-00165,REC-00165-E02,PERSON,MA***************AR,exact
baseline,REC-00165,REC-00165-E05,POSTAL_CODE,4****,exact
baseline,REC-00166,REC-00166-E04,PHONE_NUMBER,03********33,exact
baseline,REC-00167,REC-00167-E03,CUSTOMER_ID,UB*****82,exact
baseline,REC-00168,REC-00168-E01,CUSTOMER_ID,UB*****80,exact
baseline,REC-00168,REC-00168-E02,PERSON,Wa**********ui,exact
baseline,REC-00169,REC-00169-E01,CUSTOMER_ID,UB*****61,exact
baseline,REC-00169,REC-00169-E04,POSTAL_CODE,6****,exact
baseline,REC-00171,REC-00171-E02,CUSTOMER_ID,UB*****12,exact
baseline,REC-00172,REC-00172-E02,PERSON,La*******ni,exact
baseline,REC-00173,REC-00173-E04,CUSTOMER_ID,ub*****26,exact
baseline,REC-00174,REC-00174-E02,CUSTOMER_ID,UB*****08,exact
baseline,REC-00174,REC-00174-E03,CNIC,21***********-9,exact
baseline,REC-00175,REC-00175-E02,PERSON,Im*******ed,exact
baseline,REC-00175,REC-00175-E03,POSTAL_CODE,9****,exact
baseline,REC-00175,REC-00175-E04,ADDRESS,Ho********************************************ad,exact
baseline,REC-00176,REC-00176-E04,CNIC,41***********-6,exact
baseline,REC-00177,REC-00177-E01,CUSTOMER_ID,UB*****90,exact
baseline,REC-00177,REC-00177-E04,ADDRESS,h *************************************ot,exact
baseline,REC-00178,REC-00178-E01,PERSON,BI*********RI,exact
baseline,REC-00179,REC-00179-E01,PERSON,Na*********ob,exact
baseline,REC-00179,REC-00179-E03,CUSTOMER_ID,UB*****26,exact
baseline,REC-00179,REC-00179-E04,PERSON,Na*********ob,exact
baseline,REC-00180,REC-00180-E01,CUSTOMER_ID,UB*****42,exact
baseline,REC-00180,REC-00180-E03,CNIC,41***********-7,exact
baseline,REC-00181,REC-00181-E02,PHONE_NUMBER,03********88,exact
baseline,REC-00181,REC-00181-E03,PERSON,Qa*******ar,exact
baseline,REC-00181,REC-00181-E04,CUSTOMER_ID,UB*****51,exact
baseline,REC-00181,REC-00181-E05,POSTAL_CODE,6****,exact
baseline,REC-00183,REC-00183-E05,POSTAL_CODE,5****,exact
baseline,REC-00186,REC-00186-E01,CUSTOMER_ID,UB*****87,exact
baseline,REC-00186,REC-00186-E03,CNIC,21***********-5,exact
baseline,REC-00188,REC-00188-E04,CNIC,42***********-4,exact
baseline,REC-00189,REC-00189-E05,POSTAL_CODE,1****,exact
baseline,REC-00190,REC-00190-E02,PERSON,da*******hi,exact
baseline,REC-00190,REC-00190-E03,PERSON,Uz*******ut,exact
baseline,REC-00190,REC-00190-E04,ADDRESS,h ***********************************di,exact
baseline,REC-00192,REC-00192-E02,CUSTOMER_ID,UB*****82,exact
baseline,REC-00192,REC-00192-E03,CNIC,41*********98,exact
baseline,REC-00194,REC-00194-E01,CUSTOMER_ID,UB*****62,exact
baseline,REC-00194,REC-00194-E04,PERSON,GH**********HI,exact
baseline,REC-00194,REC-00194-E05,CNIC,17*********41,exact
baseline,REC-00195,REC-00195-E01,CUSTOMER_ID,ub*****47,exact
baseline,REC-00195,REC-00195-E05,POSTAL_CODE,6****,exact
baseline,REC-00196,REC-00196-E01,PERSON,Ay*********ed,exact
baseline,REC-00196,REC-00196-E02,PERSON,Da******ig,exact
baseline,REC-00197,REC-00197-E01,PERSON,Wa********ed,exact
baseline,REC-00198,REC-00198-E02,CUSTOMER_ID,UB*****61,exact
baseline,REC-00198,REC-00198-E03,CNIC,41***********-6,exact
baseline,REC-00199,REC-00199-E04,POSTAL_CODE,6****,exact
baseline,REC-00201,REC-00201-E02,POSTAL_CODE,1****,exact
baseline,REC-00201,REC-00201-E04,CUSTOMER_ID,UB*****03,exact
baseline,REC-00202,REC-00202-E01,PERSON,Al***********or,exact
baseline,REC-00202,REC-00202-E04,PERSON,Pa***********ni,exact
baseline,REC-00205,REC-00205-E03,POSTAL_CODE,9****,exact
baseline,REC-00205,REC-00205-E04,CUSTOMER_ID,UB*****64,exact
baseline,REC-00206,REC-00206-E04,CNIC,55***********-1,exact
baseline,REC-00207,REC-00207-E01,PERSON,As*******ua,exact
baseline,REC-00207,REC-00207-E02,CUSTOMER_ID,UB*****04,exact
baseline,REC-00207,REC-00207-E04,POSTAL_CODE,9****,exact
baseline,REC-00208,REC-00208-E02,PERSON,Pa**********ri,exact
baseline,REC-00208,REC-00208-E03,PERSON,pa**********ma,exact
baseline,REC-00210,REC-00210-E02,CUSTOMER_ID,UB*****69,exact
baseline,REC-00210,REC-00210-E03,CNIC,35***********-6,exact
baseline,REC-00210,REC-00210-E05,PERSON,Yu*********ri,exact
baseline,REC-00212,REC-00212-E03,PHONE_NUMBER,03*******23,exact
baseline,REC-00212,REC-00212-E04,CNIC,55***********-4,exact
baseline,REC-00213,REC-00213-E01,PERSON,RA********NI,exact
baseline,REC-00213,REC-00213-E02,CUSTOMER_ID,UB*****20,exact
baseline,REC-00213,REC-00213-E05,POSTAL_CODE,1****,exact
baseline,REC-00214,REC-00214-E01,PERSON,Ma************ui,exact
baseline,REC-00215,REC-00215-E03,PERSON,Wa********ma,exact
baseline,REC-00215,REC-00215-E04,CUSTOMER_ID,UB*****04,exact
baseline,REC-00216,REC-00216-E02,CUSTOMER_ID,UB*****79,exact
baseline,REC-00216,REC-00216-E03,CNIC,61*********79,exact
baseline,REC-00217,REC-00217-E04,POSTAL_CODE,7****,exact
baseline,REC-00219,REC-00219-E02,CUSTOMER_ID,UB*****34,exact
baseline,REC-00221,REC-00221-E01,PERSON,eh********ob,exact
baseline,REC-00221,REC-00221-E03,CUSTOMER_ID,UB*****97,exact
baseline,REC-00221,REC-00221-E05,PERSON,eh********ob,exact
baseline,REC-00222,REC-00222-E01,CNIC,61*********18,exact
baseline,REC-00222,REC-00222-E02,CUSTOMER_ID,UB*****11,exact
baseline,REC-00222,REC-00222-E04,PHONE_NUMBER,03********45,exact
baseline,REC-00223,REC-00223-E02,CUSTOMER_ID,UB*****03,exact
baseline,REC-00223,REC-00223-E04,PHONE_NUMBER,03********28,exact
baseline,REC-00224,REC-00224-E01,PERSON,Fa********al,exact
baseline,REC-00224,REC-00224-E04,CNIC,38***********-8,exact
baseline,REC-00225,REC-00225-E01,CUSTOMER_ID,UB*****70,exact
baseline,REC-00225,REC-00225-E02,PERSON,Ay**********qi,exact
baseline,REC-00225,REC-00225-E05,POSTAL_CODE,6****,exact
baseline,REC-00227,REC-00227-E03,PHONE_NUMBER,03********68,exact
baseline,REC-00228,REC-00228-E01,PERSON,Za*********ed,exact
baseline,REC-00228,REC-00228-E02,CUSTOMER_ID,UB*****50,exact
baseline,REC-00228,REC-00228-E03,CNIC,33*********55,exact
baseline,REC-00228,REC-00228-E05,PERSON,fa*********ni,exact
baseline,REC-00230,REC-00230-E04,CNIC,21*********55,exact
baseline,REC-00231,REC-00231-E01,PERSON,Ha********ma,exact
baseline,REC-00231,REC-00231-E02,CUSTOMER_ID,UB*****48,exact
baseline,REC-00231,REC-00231-E05,POSTAL_CODE,7****,exact
baseline,REC-00232,REC-00232-E03,PHONE_NUMBER,03*********14,exact
baseline,REC-00234,REC-00234-E03,CUSTOMER_ID,UB*****26,exact
baseline,REC-00235,REC-00235-E01,CUSTOMER_ID,UB*****22,exact
baseline,REC-00235,REC-00235-E03,ADDRESS,Ho*********************************************ta,exact
baseline,REC-00235,REC-00235-E04,POSTAL_CODE,6****,exact
baseline,REC-00237,REC-00237-E01,CUSTOMER_ID,ub*****41,exact
baseline,REC-00239,REC-00239-E01,PERSON,La********si,exact
baseline,REC-00239,REC-00239-E03,CUSTOMER_ID,UB*****26,exact
baseline,REC-00239,REC-00239-E05,PERSON,La********si,exact
baseline,REC-00240,REC-00240-E01,PERSON,Fa*********ni,exact
baseline,REC-00240,REC-00240-E02,CUSTOMER_ID,UB*****91,exact
baseline,REC-00240,REC-00240-E03,CNIC,17***********-3,exact
baseline,REC-00240,REC-00240-E05,PERSON,AY********ED,exact
baseline,REC-00241,REC-00241-E02,CUSTOMER_ID,UB*****42,exact
baseline,REC-00243,REC-00243-E02,POSTAL_CODE,3****,exact
baseline,REC-00243,REC-00243-E03,PERSON,Lu*********ob,exact
baseline,REC-00243,REC-00243-E05,CUSTOMER_ID,UB*****37,exact
baseline,REC-00244,REC-00244-E01,PERSON,WA*******AR,exact
baseline,REC-00245,REC-00245-E01,PERSON,wa*******ed,exact
baseline,REC-00246,REC-00246-E02,CUSTOMER_ID,UB*****99,exact
baseline,REC-00246,REC-00246-E03,CNIC,61***********-3,exact
baseline,REC-00246,REC-00246-E05,PERSON,Sa******ed,exact
baseline,REC-00247,REC-00247-E01,PERSON,BU********ED,exact
baseline,REC-00249,REC-00249-E04,ADDRESS,H.*****************************ad,exact
baseline,REC-00249,REC-00249-E05,POSTAL_CODE,7****,exact
baseline,REC-00250,REC-00250-E01,PERSON,Me***********qi,exact
baseline,REC-00251,REC-00251-E04,CUSTOMER_ID,UB*****61,exact
baseline,REC-00252,REC-00252-E01,CUSTOMER_ID,UB*****09,exact
baseline,REC-00252,REC-00252-E03,PERSON,Me**********ut,exact
baseline,REC-00252,REC-00252-E04,CNIC,42*********46,exact
baseline,REC-00255,REC-00255-E01,CUSTOMER_ID,UB*****08,exact
baseline,REC-00257,REC-00257-E01,PHONE_NUMBER,03********29,exact
baseline,REC-00257,REC-00257-E04,CUSTOMER_ID,UB*****40,exact
baseline,REC-00258,REC-00258-E02,CUSTOMER_ID,UB*****35,exact
baseline,REC-00258,REC-00258-E03,CNIC,38***********-2,exact
baseline,REC-00259,REC-00259-E01,POSTAL_CODE,8****,exact
baseline,REC-00259,REC-00259-E02,CUSTOMER_ID,UB*****99,exact
baseline,REC-00260,REC-00260-E01,CUSTOMER_ID,UB*****13,exact
baseline,REC-00260,REC-00260-E02,CNIC,35*********88,exact
baseline,REC-00261,REC-00261-E02,CUSTOMER_ID,UB*****78,exact
baseline,REC-00262,REC-00262-E01,PERSON,AL*****ZA,exact
baseline,REC-00262,REC-00262-E04,PHONE_NUMBER,03********87,exact
baseline,REC-00263,REC-00263-E01,PERSON,Fa*********ma,exact
baseline,REC-00263,REC-00263-E03,CUSTOMER_ID,UB*****49,exact
baseline,REC-00263,REC-00263-E05,PERSON,Fa*********ma,exact
baseline,REC-00264,REC-00264-E02,CUSTOMER_ID,UB*****15,exact
baseline,REC-00264,REC-00264-E03,CNIC,17*********99,exact
baseline,REC-00266,REC-00266-E02,PERSON,Na********ar,exact
baseline,REC-00266,REC-00266-E03,CNIC,42***********-8,exact
baseline,REC-00266,REC-00266-E05,CUSTOMER_ID,ub*****80,exact
baseline,REC-00267,REC-00267-E01,PERSON,Na********ed,exact
baseline,REC-00267,REC-00267-E02,CUSTOMER_ID,UB*****23,exact
baseline,REC-00268,REC-00268-E01,ADDRESS,Ho*********************************************di,exact
baseline,REC-00268,REC-00268-E02,PERSON,Bi********ri,exact
baseline,REC-00269,REC-00269-E03,CUSTOMER_ID,UB*****30,exact
baseline,REC-00271,REC-00271-E02,ADDRESS,h ********************************re,exact
baseline,REC-00271,REC-00271-E03,CUSTOMER_ID,UB*****87,exact
baseline,REC-00271,REC-00271-E05,POSTAL_CODE,6****,exact
baseline,REC-00272,REC-00272-E01,PERSON,Im*******ed,exact
baseline,REC-00273,REC-00273-E01,CUSTOMER_ID,UB*****87,exact
baseline,REC-00273,REC-00273-E03,POSTAL_CODE,7****,exact
baseline,REC-00276,REC-00276-E01,CUSTOMER_ID,UB*****64,exact
baseline,REC-00276,REC-00276-E02,PERSON,Us********ut,exact
baseline,REC-00276,REC-00276-E03,CNIC,52***********-5,exact
baseline,REC-00277,REC-00277-E02,CUSTOMER_ID,UB*****26,exact
baseline,REC-00278,REC-00278-E04,CNIC,55***********-1,exact
baseline,REC-00279,REC-00279-E02,PERSON,ZA**************KH,exact
baseline,REC-00280,REC-00280-E01,PERSON,Gh********ed,exact
baseline,REC-00280,REC-00280-E02,PERSON,Yu*******za,exact
baseline,REC-00281,REC-00281-E04,CUSTOMER_ID,UB*****39,exact
baseline,REC-00282,REC-00282-E03,CUSTOMER_ID,UB*****02,exact
baseline,REC-00283,REC-00283-E03,POSTAL_CODE,1****,exact
baseline,REC-00283,REC-00283-E05,CUSTOMER_ID,UB*****92,exact
baseline,REC-00284,REC-00284-E03,CNIC,33*********39,exact
baseline,REC-00285,REC-00285-E02,CUSTOMER_ID,UB*****08,exact
baseline,REC-00286,REC-00286-E01,PERSON,ME*********AR,exact
baseline,REC-00286,REC-00286-E02,PERSON,Na*******ed,exact
baseline,REC-00287,REC-00287-E03,CUSTOMER_ID,UB*****36,exact
baseline,REC-00288,REC-00288-E01,PERSON,AL******IK,exact
baseline,REC-00288,REC-00288-E03,CNIC,17*********32,exact
baseline,REC-00290,REC-00290-E04,CNIC,52***********-2,exact
baseline,REC-00291,REC-00291-E01,CUSTOMER_ID,UB*****62,exact
baseline,REC-00296,REC-00296-E02,CNIC,41***********-2,exact
baseline,REC-00296,REC-00296-E03,PERSON,Pa*************ig,exact
baseline,REC-00297,REC-00297-E01,CUSTOMER_ID,UB*****44,exact
baseline,REC-00298,REC-00298-E02,PERSON,Sh*********ni,exact
baseline,REC-00299,REC-00299-E03,PERSON,Eh********ma,exact
baseline,REC-00299,REC-00299-E04,CUSTOMER_ID,UB*****26,exact
baseline,REC-00301,REC-00301-E01,POSTAL_CODE,6****,exact
baseline,REC-00301,REC-00301-E02,CUSTOMER_ID,UB*****59,exact
baseline,REC-00301,REC-00301-E03,ADDRESS,Fl*****************************************ar,exact
baseline,REC-00302,REC-00302-E02,PERSON,DA********NI,exact
baseline,REC-00303,REC-00303-E02,CUSTOMER_ID,UB*****20,exact
baseline,REC-00303,REC-00303-E04,ADDRESS,Ho********************************************ad,exact
baseline,REC-00304,REC-00304-E02,PERSON,bi*******ed,exact
baseline,REC-00305,REC-00305-E01,PERSON,Iq***************ui,exact
baseline,REC-00305,REC-00305-E03,CUSTOMER_ID,UB*****53,exact
baseline,REC-00305,REC-00305-E04,PHONE_NUMBER,03********55,exact
baseline,REC-00305,REC-00305-E05,PERSON,Iq***************ui,exact
baseline,REC-00306,REC-00306-E02,CUSTOMER_ID,UB*****33,exact
baseline,REC-00306,REC-00306-E03,CNIC,33***********-9,exact
baseline,REC-00308,REC-00308-E04,CNIC,21***********-1,exact
baseline,REC-00309,REC-00309-E01,CUSTOMER_ID,UB*****64,exact
baseline,REC-00309,REC-00309-E05,POSTAL_CODE,1****,exact
baseline,REC-00311,REC-00311-E01,PERSON,BU****************IN,exact
baseline,REC-00312,REC-00312-E02,CUSTOMER_ID,UB*****53,exact
baseline,REC-00312,REC-00312-E03,CNIC,33*********57,exact
baseline,REC-00312,REC-00312-E05,PERSON,Fa*******ig,exact
baseline,REC-00314,REC-00314-E04,CNIC,55***********-6,exact
baseline,REC-00315,REC-00315-E01,CUSTOMER_ID,UB*****69,exact
baseline,REC-00315,REC-00315-E05,POSTAL_CODE,3****,exact
baseline,REC-00318,REC-00318-E01,PERSON,Al********qi,exact
baseline,REC-00318,REC-00318-E02,CUSTOMER_ID,UB*****50,exact
baseline,REC-00318,REC-00318-E03,CNIC,21***********-8,exact
baseline,REC-00318,REC-00318-E05,PERSON,No********ni,exact
baseline,REC-00319,REC-00319-E02,CUSTOMER_ID,UB*****61,exact
baseline,REC-00319,REC-00319-E03,ADDRESS,Ho************************************************ar,exact
baseline,REC-00319,REC-00319-E04,POSTAL_CODE,5****,exact
baseline,REC-00320,REC-00320-E04,CNIC,21*********35,exact
baseline,REC-00321,REC-00321-E01,CUSTOMER_ID,UB*****70,exact
baseline,REC-00321,REC-00321-E05,POSTAL_CODE,8****,exact
baseline,REC-00325,REC-00325-E02,POSTAL_CODE,9****,exact
baseline,REC-00325,REC-00325-E03,PERSON,Ki*******ar,exact
baseline,REC-00325,REC-00325-E04,CUSTOMER_ID,UB*****33,exact
baseline,REC-00326,REC-00326-E03,PHONE_NUMBER,03********29,exact
baseline,REC-00326,REC-00326-E04,CNIC,52***********-8,exact
baseline,REC-00327,REC-00327-E02,CUSTOMER_ID,UB*****70,exact
baseline,REC-00327,REC-00327-E05,POSTAL_CODE,7****,exact
baseline,REC-00329,REC-00329-E03,CUSTOMER_ID,UB*****28,exact
baseline,REC-00330,REC-00330-E01,CUSTOMER_ID,UB*****47,exact
baseline,REC-00330,REC-00330-E02,CNIC,35***********-6,exact
baseline,REC-00330,REC-00330-E03,PERSON,Pa**************hi,exact
baseline,REC-00331,REC-00331-E04,POSTAL_CODE,8****,exact
baseline,REC-00332,REC-00332-E04,CNIC,52***********-6,exact
baseline,REC-00333,REC-00333-E02,PERSON,Fa*********ni,exact
baseline,REC-00333,REC-00333-E05,POSTAL_CODE,3****,exact
baseline,REC-00334,REC-00334-E01,PERSON,PA************QI,exact
baseline,REC-00337,REC-00337-E01,PERSON,ki******za,exact
baseline,REC-00338,REC-00338-E04,CNIC,33*********29,exact
baseline,REC-00339,REC-00339-E02,CUSTOMER_ID,UB*****54,exact
baseline,REC-00339,REC-00339-E05,POSTAL_CODE,2****,exact
baseline,REC-00340,REC-00340-E04,PHONE_NUMBER,03*******93,exact
baseline,REC-00341,REC-00341-E04,CUSTOMER_ID,UB*****86,exact
baseline,REC-00342,REC-00342-E01,PERSON,Eh********ob,exact
baseline,REC-00342,REC-00342-E02,CUSTOMER_ID,UB*****73,exact
baseline,REC-00342,REC-00342-E03,CNIC,42*********37,exact
baseline,REC-00342,REC-00342-E05,PERSON,Eh*********in,exact
baseline,REC-00344,REC-00344-E01,CUSTOMER_ID,UB*****59,exact
baseline,REC-00344,REC-00344-E04,PHONE_NUMBER,03*******50,exact
baseline,REC-00344,REC-00344-E05,CNIC,52*********71,exact
baseline,REC-00345,REC-00345-E01,CUSTOMER_ID,UB*****83,exact
baseline,REC-00345,REC-00345-E02,PERSON,Ad********ma,exact
baseline,REC-00345,REC-00345-E05,POSTAL_CODE,2****,exact
baseline,REC-00348,REC-00348-E02,CUSTOMER_ID,UB*****00,exact
baseline,REC-00348,REC-00348-E03,CNIC,33*********91,exact
baseline,REC-00348,REC-00348-E04,PHONE_NUMBER,03********70,exact
baseline,REC-00348,REC-00348-E05,PERSON,As**************ma,exact
baseline,REC-00349,REC-00349-E02,CUSTOMER_ID,UB*****55,exact
baseline,REC-00349,REC-00349-E04,POSTAL_CODE,1****,exact
baseline,REC-00349,REC-00349-E05,PHONE_NUMBER,03*******82,exact
baseline,REC-00350,REC-00350-E02,PERSON,Ad*******ed,exact
baseline,REC-00350,REC-00350-E04,CNIC,35*********78,exact
baseline,REC-00351,REC-00351-E01,CUSTOMER_ID,UB*****52,exact
baseline,REC-00351,REC-00351-E05,POSTAL_CODE,1****,exact
baseline,REC-00352,REC-00352-E02,PERSON,La********ez,exact
baseline,REC-00353,REC-00353-E04,CUSTOMER_ID,UB*****50,exact
baseline,REC-00354,REC-00354-E01,PHONE_NUMBER,03*******83,exact
baseline,REC-00354,REC-00354-E02,CUSTOMER_ID,UB*****50,exact
baseline,REC-00354,REC-00354-E03,CNIC,38***********-9,exact
baseline,REC-00356,REC-00356-E04,CNIC,55*********49,exact
baseline,REC-00357,REC-00357-E03,POSTAL_CODE,2****,exact
baseline,REC-00357,REC-00357-E04,CUSTOMER_ID,UB*****50,exact
baseline,REC-00360,REC-00360-E01,CUSTOMER_ID,UB*****41,exact
baseline,REC-00360,REC-00360-E03,CNIC,55***********-5,exact
baseline,REC-00361,REC-00361-E03,ADDRESS,Ho*********************************************ta,exact
baseline,REC-00362,REC-00362-E04,CNIC,21***********-3,exact
baseline,REC-00363,REC-00363-E02,CUSTOMER_ID,UB*****45,exact
baseline,REC-00363,REC-00363-E05,POSTAL_CODE,9****,exact
baseline,REC-00364,REC-00364-E01,ADDRESS,Ho********************************************ur,exact
baseline,REC-00365,REC-00365-E04,CUSTOMER_ID,UB*****98,exact
baseline,REC-00366,REC-00366-E02,PERSON,La********mi,exact
baseline,REC-00366,REC-00366-E03,CNIC,17***********-2,exact
baseline,REC-00367,REC-00367-E01,PERSON,Na*******zi,exact
baseline,REC-00367,REC-00367-E02,CUSTOMER_ID,UB*****74,exact
baseline,REC-00367,REC-00367-E03,ADDRESS,h ***************************ta,exact
baseline,REC-00367,REC-00367-E04,POSTAL_CODE,6****,exact
baseline,REC-00369,REC-00369-E05,POSTAL_CODE,4****,exact
baseline,REC-00371,REC-00371-E04,CUSTOMER_ID,UB*****31,exact
baseline,REC-00372,REC-00372-E02,CUSTOMER_ID,UB*****83,exact
baseline,REC-00372,REC-00372-E03,CNIC,61***********-7,exact
baseline,REC-00372,REC-00372-E05,PERSON,No**********in,exact
baseline,REC-00373,REC-00373-E03,POSTAL_CODE,5****,exact
baseline,REC-00373,REC-00373-E04,CUSTOMER_ID,ub*****30,exact
baseline,REC-00374,REC-00374-E02,PERSON,Ta********ni,exact
baseline,REC-00375,REC-00375-E02,PERSON,Ha********ed,exact
baseline,REC-00375,REC-00375-E05,POSTAL_CODE,1****,exact
baseline,REC-00377,REC-00377-E03,CUSTOMER_ID,UB*****27,exact
baseline,REC-00378,REC-00378-E02,CUSTOMER_ID,UB*****61,exact
baseline,REC-00378,REC-00378-E03,CNIC,17*********61,exact
baseline,REC-00379,REC-00379-E03,ADDRESS,h **************************************ar,exact
baseline,REC-00380,REC-00380-E01,PERSON,AY*********NI,exact
baseline,REC-00380,REC-00380-E04,CNIC,33***********-9,exact
baseline,REC-00381,REC-00381-E01,CUSTOMER_ID,UB*****97,exact
baseline,REC-00381,REC-00381-E03,ADDRESS,Ho**************************************************ur,exact
baseline,REC-00381,REC-00381-E04,POSTAL_CODE,9****,exact
baseline,REC-00383,REC-00383-E03,CUSTOMER_ID,UB*****44,exact
baseline,REC-00384,REC-00384-E01,PERSON,Na********ri,exact
baseline,REC-00384,REC-00384-E02,CUSTOMER_ID,ub*****79,exact
baseline,REC-00384,REC-00384-E03,CNIC,52***********-3,exact
baseline,REC-00384,REC-00384-E05,PERSON,Sa********ut,exact
baseline,REC-00387,REC-00387-E01,CUSTOMER_ID,UB*****63,exact
baseline,REC-00387,REC-00387-E05,POSTAL_CODE,5****,exact
baseline,REC-00389,REC-00389-E04,CUSTOMER_ID,UB*****20,exact
baseline,REC-00390,REC-00390-E02,CUSTOMER_ID,UB*****29,exact
baseline,REC-00390,REC-00390-E03,CNIC,55*********69,exact
baseline,REC-00390,REC-00390-E04,PHONE_NUMBER,03*******83,exact
baseline,REC-00390,REC-00390-E05,PERSON,Ja********ut,exact
baseline,REC-00391,REC-00391-E02,CUSTOMER_ID,ub*****86,exact
baseline,REC-00392,REC-00392-E03,CUSTOMER_ID,UB*****30,exact
baseline,REC-00392,REC-00392-E04,PERSON,Lu********ed,exact
baseline,REC-00393,REC-00393-E02,CUSTOMER_ID,UB*****34,exact
baseline,REC-00395,REC-00395-E03,CUSTOMER_ID,UB*****70,exact
baseline,REC-00397,REC-00397-E01,ADDRESS,ne****************************************************re,exact
baseline,REC-00397,REC-00397-E02,POSTAL_CODE,5****,exact
baseline,REC-00397,REC-00397-E04,CUSTOMER_ID,UB*****02,exact
baseline,REC-00399,REC-00399-E02,CUSTOMER_ID,UB*****23,exact
baseline,REC-00400,REC-00400-E01,PERSON,Sa********ri,exact
baseline,REC-00401,REC-00401-E03,PERSON,Uz********qi,exact
baseline,REC-00401,REC-00401-E04,CUSTOMER_ID,UB*****28,exact
baseline,REC-00402,REC-00402-E01,CNIC,52***********-8,exact
baseline,REC-00402,REC-00402-E02,CUSTOMER_ID,UB*****30,exact
baseline,REC-00403,REC-00403-E01,CUSTOMER_ID,UB*****84,exact
baseline,REC-00403,REC-00403-E02,POSTAL_CODE,1****,exact
baseline,REC-00403,REC-00403-E04,ADDRESS,ne**************************************************re,exact
baseline,REC-00404,REC-00404-E04,CNIC,55***********-4,exact
baseline,REC-00405,REC-00405-E02,POSTAL_CODE,6****,exact
baseline,REC-00406,REC-00406-E04,PERSON,No**********in,exact
baseline,REC-00408,REC-00408-E02,CUSTOMER_ID,UB*****22,exact
baseline,REC-00408,REC-00408-E03,CNIC,21***********-8,exact
baseline,REC-00409,REC-00409-E02,POSTAL_CODE,9****,exact
baseline,REC-00409,REC-00409-E04,CUSTOMER_ID,UB*****66,exact
baseline,REC-00410,REC-00410-E03,CNIC,33***********-3,exact
baseline,REC-00410,REC-00410-E04,CUSTOMER_ID,UB*****99,exact
baseline,REC-00411,REC-00411-E02,CUSTOMER_ID,UB*****60,exact
baseline,REC-00412,REC-00412-E04,PERSON,Da********ni,exact
baseline,REC-00413,REC-00413-E04,CUSTOMER_ID,UB*****62,exact
baseline,REC-00414,REC-00414-E01,PERSON,Za********al,exact
baseline,REC-00414,REC-00414-E02,CUSTOMER_ID,UB*****79,exact
baseline,REC-00414,REC-00414-E03,CNIC,35***********-7,exact
baseline,REC-00414,REC-00414-E05,PERSON,me*********zi,exact
baseline,REC-00415,REC-00415-E01,PERSON,Wa********ua,exact
baseline,REC-00416,REC-00416-E04,CNIC,52*********61,exact
baseline,REC-00417,REC-00417-E01,CUSTOMER_ID,UB*****33,exact
baseline,REC-00417,REC-00417-E02,PERSON,SH*********UT,exact
baseline,REC-00418,REC-00418-E02,PERSON,Sa*******ut,exact
baseline,REC-00419,REC-00419-E03,CUSTOMER_ID,UB*****72,exact
baseline,REC-00420,REC-00420-E03,CNIC,61***********-6,exact
baseline,REC-00420,REC-00420-E05,PERSON,Wa*******ik,exact
baseline,REC-00421,REC-00421-E03,ADDRESS,Ho***********************************************di,exact
baseline,REC-00421,REC-00421-E04,POSTAL_CODE,5****,exact
baseline,REC-00422,REC-00422-E01,PERSON,KI*******AL,exact
baseline,REC-00423,REC-00423-E02,CUSTOMER_ID,UB*****56,exact
baseline,REC-00424,REC-00424-E03,PERSON,WA**********RY,exact
baseline,REC-00426,REC-00426-E01,PERSON,La**************qi,exact
baseline,REC-00426,REC-00426-E03,CNIC,41*********24,exact
baseline,REC-00426,REC-00426-E05,PERSON,As******ed,exact
baseline,REC-00428,REC-00428-E04,CNIC,17***********-8,exact
baseline,REC-00429,REC-00429-E02,CUSTOMER_ID,UB*****21,exact
baseline,REC-00429,REC-00429-E04,ADDRESS,Fl***********************************************hi,exact
baseline,REC-00430,REC-00430-E01,PERSON,Pa**********ma,exact
baseline,REC-00432,REC-00432-E02,CUSTOMER_ID,UB*****94,exact
baseline,REC-00432,REC-00432-E03,CNIC,52***********-4,exact
baseline,REC-00433,REC-00433-E02,PHONE_NUMBER,03********33,exact
baseline,REC-00434,REC-00434-E01,PERSON,al*****ig,exact
baseline,REC-00435,REC-00435-E01,CUSTOMER_ID,UB*****98,exact
baseline,REC-00435,REC-00435-E05,POSTAL_CODE,3****,exact
baseline,REC-00436,REC-00436-E01,PERSON,Ma**********ob,exact
baseline,REC-00437,REC-00437-E03,CUSTOMER_ID,UB*****99,exact
baseline,REC-00439,REC-00439-E01,PERSON,Na********ed,exact
baseline,REC-00439,REC-00439-E03,ADDRESS,Ho***********************************************hi,exact
baseline,REC-00441,REC-00441-E01,CUSTOMER_ID,UB*****67,exact
baseline,REC-00441,REC-00441-E02,PERSON,ta**********ui,exact
baseline,REC-00442,REC-00442-E02,PERSON,Wa*******ni,exact
baseline,REC-00442,REC-00442-E03,PERSON,No********al,exact
baseline,REC-00443,REC-00443-E03,CUSTOMER_ID,UB*****69,exact
baseline,REC-00444,REC-00444-E02,CUSTOMER_ID,UB*****24,exact
baseline,REC-00444,REC-00444-E03,CNIC,17***********-8,exact
baseline,REC-00444,REC-00444-E04,PHONE_NUMBER,03********22,exact
baseline,REC-00444,REC-00444-E05,PERSON,Ta********al,exact
baseline,REC-00446,REC-00446-E04,CNIC,41***********-1,exact
baseline,REC-00447,REC-00447-E01,PERSON,Iq********ni,exact
baseline,REC-00447,REC-00447-E02,CUSTOMER_ID,UB*****61,exact
baseline,REC-00447,REC-00447-E05,POSTAL_CODE,6****,exact
baseline,REC-00448,REC-00448-E01,PERSON,Ay***********ui,exact
baseline,REC-00448,REC-00448-E04,PHONE_NUMBER,03*******78,exact
baseline,REC-00449,REC-00449-E03,CUSTOMER_ID,UB*****95,exact
baseline,REC-00450,REC-00450-E02,CUSTOMER_ID,UB*****00,exact
baseline,REC-00450,REC-00450-E03,CNIC,52***********-1,exact
baseline,REC-00450,REC-00450-E05,PERSON,Fa*********ed,exact
baseline,REC-00453,REC-00453-E02,CUSTOMER_ID,UB*****36,exact
baseline,REC-00453,REC-00453-E05,POSTAL_CODE,2****,exact
baseline,REC-00454,REC-00454-E03,PERSON,Eh*******ed,exact
baseline,REC-00454,REC-00454-E04,PERSON,Na********ed,exact
baseline,REC-00456,REC-00456-E02,CUSTOMER_ID,UB*****74,exact
baseline,REC-00457,REC-00457-E01,PERSON,Qa******ig,exact
baseline,REC-00457,REC-00457-E03,CUSTOMER_ID,UB*****98,exact
baseline,REC-00457,REC-00457-E05,POSTAL_CODE,3****,exact
baseline,REC-00458,REC-00458-E02,CUSTOMER_ID,UB*****14,exact
baseline,REC-00458,REC-00458-E03,CNIC,42***********-2,exact
baseline,REC-00459,REC-00459-E01,ADDRESS,Ho**********************************************an,exact
baseline,REC-00459,REC-00459-E02,CUSTOMER_ID,UB*****11,exact
baseline,REC-00459,REC-00459-E03,POSTAL_CODE,1****,exact
baseline,REC-00459,REC-00459-E05,PERSON,MA**********SI,exact
baseline,REC-00460,REC-00460-E01,PERSON,Me***********in,exact
baseline,REC-00463,REC-00463-E01,ADDRESS,h ********************************ar,exact
baseline,REC-00463,REC-00463-E02,POSTAL_CODE,9****,exact
baseline,REC-00463,REC-00463-E03,CUSTOMER_ID,UB*****90,exact
baseline,REC-00463,REC-00463-E04,PHONE_NUMBER,03*******02,exact
baseline,REC-00463,REC-00463-E05,PERSON,Sa*****an,exact
baseline,REC-00464,REC-00464-E04,CNIC,38***********-7,exact
baseline,REC-00465,REC-00465-E02,CUSTOMER_ID,UB*****87,exact
baseline,REC-00466,REC-00466-E02,PERSON,Wa*******al,exact
baseline,REC-00467,REC-00467-E04,CUSTOMER_ID,ub*****24,exact
baseline,REC-00468,REC-00468-E01,PERSON,Bi**********ui,exact
baseline,REC-00468,REC-00468-E02,CUSTOMER_ID,ub*****64,exact
baseline,REC-00468,REC-00468-E03,CNIC,21***********-9,exact
baseline,REC-00469,REC-00469-E02,POSTAL_CODE,7****,exact
baseline,REC-00469,REC-00469-E03,PERSON,Ki*******ed,exact
baseline,REC-00469,REC-00469-E05,CUSTOMER_ID,UB*****88,exact
baseline,REC-00470,REC-00470-E04,CNIC,33*********11,exact
baseline,REC-00471,REC-00471-E03,CUSTOMER_ID,UB*****42,exact
baseline,REC-00471,REC-00471-E05,POSTAL_CODE,5****,exact
baseline,REC-00472,REC-00472-E01,PERSON,Bi********ni,exact
baseline,REC-00472,REC-00472-E02,PERSON,Fa*********si,exact
baseline,REC-00473,REC-00473-E03,CUSTOMER_ID,UB*****23,exact
baseline,REC-00476,REC-00476-E04,CNIC,35***********-3,exact
baseline,REC-00477,REC-00477-E02,CUSTOMER_ID,UB*****84,exact
baseline,REC-00477,REC-00477-E05,POSTAL_CODE,4****,exact
baseline,REC-00480,REC-00480-E02,CUSTOMER_ID,UB*****41,exact
baseline,REC-00480,REC-00480-E03,CNIC,21*********18,exact
baseline,REC-00481,REC-00481-E01,PERSON,Ad********ut,exact
baseline,REC-00481,REC-00481-E04,POSTAL_CODE,8****,exact
baseline,REC-00482,REC-00482-E01,PHONE_NUMBER,03********87,exact
baseline,REC-00482,REC-00482-E03,CUSTOMER_ID,UB*****77,exact
baseline,REC-00482,REC-00482-E04,CNIC,61*********35,exact
baseline,REC-00483,REC-00483-E01,CUSTOMER_ID,UB*****39,exact
baseline,REC-00483,REC-00483-E05,POSTAL_CODE,1****,exact
baseline,REC-00485,REC-00485-E04,CUSTOMER_ID,UB*****45,exact
baseline,REC-00486,REC-00486-E01,PERSON,Ad********ob,exact
baseline,REC-00486,REC-00486-E02,CUSTOMER_ID,UB*****82,exact
baseline,REC-00486,REC-00486-E03,CNIC,21*********** 8,exact
baseline,REC-00488,REC-00488-E04,CNIC,35***********-7,exact
baseline,REC-00489,REC-00489-E01,CUSTOMER_ID,UB*****55,exact
baseline,REC-00489,REC-00489-E02,POSTAL_CODE,6****,exact
baseline,REC-00489,REC-00489-E05,ADDRESS,Ho*******************************************re,exact
baseline,REC-00491,REC-00491-E03,CUSTOMER_ID,UB*****19,exact
baseline,REC-00493,REC-00493-E04,POSTAL_CODE,5****,exact
baseline,REC-00494,REC-00494-E04,CNIC,17***********-7,exact
baseline,REC-00495,REC-00495-E01,ADDRESS,h *********************************ad,exact
baseline,REC-00495,REC-00495-E02,POSTAL_CODE,7****,exact
baseline,REC-00495,REC-00495-E03,CUSTOMER_ID,UB*****15,exact
baseline,REC-00495,REC-00495-E04,PERSON,fa*********ma,exact
baseline,REC-00496,REC-00496-E01,PERSON,Fa***********ui,exact
baseline,REC-00496,REC-00496-E02,PERSON,sa*******hi,exact
baseline,REC-00498,REC-00498-E01,PERSON,qa*******ed,exact
baseline,REC-00498,REC-00498-E02,CUSTOMER_ID,UB*****72,exact
baseline,REC-00498,REC-00498-E03,CNIC,21***********-7,exact
baseline,REC-00498,REC-00498-E05,PERSON,Fa*********ma,exact
baseline,REC-00499,REC-00499-E02,CUSTOMER_ID,UB*****10,exact
baseline,REC-00499,REC-00499-E04,POSTAL_CODE,8****,exact
baseline,REC-00500,REC-00500-E01,CNIC,41***********-3,exact
baseline,REC-00500,REC-00500-E05,CUSTOMER_ID,UB*****04,exact
baseline,REC-00501,REC-00501-E02,CUSTOMER_ID,UB*****80,exact
baseline,REC-00501,REC-00501-E05,POSTAL_CODE,3****,exact
baseline,REC-00502,REC-00502-E04,PHONE_NUMBER,03*******74,exact
baseline,REC-00503,REC-00503-E04,CUSTOMER_ID,UB*****24,exact
baseline,REC-00504,REC-00504-E02,CUSTOMER_ID,UB*****19,exact
baseline,REC-00504,REC-00504-E03,CNIC,33*********75,exact
baseline,REC-00505,REC-00505-E01,CUSTOMER_ID,UB*****59,exact
baseline,REC-00505,REC-00505-E02,PERSON,Fa**************ni,exact
baseline,REC-00505,REC-00505-E04,POSTAL_CODE,8****,exact
baseline,REC-00506,REC-00506-E02,CNIC,52***********-4,exact
baseline,REC-00507,REC-00507-E01,ADDRESS,Ho*********************************************ur,exact
baseline,REC-00507,REC-00507-E02,POSTAL_CODE,2****,exact
baseline,REC-00507,REC-00507-E04,CUSTOMER_ID,UB*****45,exact
baseline,REC-00508,REC-00508-E01,PERSON,Gh*********kh,exact
baseline,REC-00508,REC-00508-E03,PERSON,Wa********ma,exact
baseline,REC-00510,REC-00510-E02,CUSTOMER_ID,UB*****22,exact
baseline,REC-00510,REC-00510-E03,CNIC,21*********62,exact
baseline,REC-00511,REC-00511-E02,CUSTOMER_ID,UB*****94,exact
baseline,REC-00511,REC-00511-E04,POSTAL_CODE,2****,exact
baseline,REC-00512,REC-00512-E02,CNIC,35***********-5,exact
baseline,REC-00513,REC-00513-E02,CUSTOMER_ID,UB*****28,exact
baseline,REC-00514,REC-00514-E02,PERSON,LU********AL,exact
baseline,REC-00514,REC-00514-E04,ADDRESS,Ho********************************************ta,exact
baseline,REC-00517,REC-00517-E02,CUSTOMER_ID,UB*****32,exact
baseline,REC-00518,REC-00518-E04,CNIC,61***********-7,exact
baseline,REC-00519,REC-00519-E01,CUSTOMER_ID,UB*****51,exact
baseline,REC-00519,REC-00519-E04,ADDRESS,h *********************************ad,exact
baseline,REC-00519,REC-00519-E05,POSTAL_CODE,6****,exact
baseline,REC-00520,REC-00520-E03,PHONE_NUMBER,03********92,exact
baseline,REC-00522,REC-00522-E01,PERSON,Al******hi,exact
baseline,REC-00522,REC-00522-E03,CUSTOMER_ID,UB*****73,exact
baseline,REC-00524,REC-00524-E04,CNIC,38***********-4,exact
baseline,REC-00526,REC-00526-E01,PERSON,Fa********ar,exact
baseline,REC-00527,REC-00527-E03,CUSTOMER_ID,UB*****66,exact
baseline,REC-00528,REC-00528-E02,CUSTOMER_ID,UB*****31,exact
baseline,REC-00529,REC-00529-E02,POSTAL_CODE,4****,exact
baseline,REC-00529,REC-00529-E03,CUSTOMER_ID,UB*****68,exact
baseline,REC-00531,REC-00531-E01,ADDRESS,Ho**********************************************di,exact
baseline,REC-00531,REC-00531-E03,PERSON,Sh**************ni,exact
baseline,REC-00531,REC-00531-E04,POSTAL_CODE,3****,exact
baseline,REC-00531,REC-00531-E05,CUSTOMER_ID,UB*****00,exact
baseline,REC-00533,REC-00533-E01,PHONE_NUMBER,03*********78,exact
baseline,REC-00533,REC-00533-E04,CUSTOMER_ID,UB*****69,exact
baseline,REC-00534,REC-00534-E02,CUSTOMER_ID,UB*****13,exact
baseline,REC-00534,REC-00534-E03,CNIC,17***********-3,exact
baseline,REC-00535,REC-00535-E03,POSTAL_CODE,7****,exact
baseline,REC-00536,REC-00536-E03,PHONE_NUMBER,03*******38,exact
baseline,REC-00537,REC-00537-E02,CUSTOMER_ID,UB*****44,exact
baseline,REC-00541,REC-00541-E04,POSTAL_CODE,1****,exact
baseline,REC-00541,REC-00541-E05,CUSTOMER_ID,UB*****38,exact
baseline,REC-00542,REC-00542-E04,CNIC,33***********-1,exact
baseline,REC-00543,REC-00543-E02,CUSTOMER_ID,UB*****60,exact
baseline,REC-00543,REC-00543-E03,POSTAL_CODE,8****,exact
baseline,REC-00543,REC-00543-E04,PERSON,PA**********ED,exact
baseline,REC-00544,REC-00544-E02,PERSON,Wa********ez,exact
baseline,REC-00544,REC-00544-E04,PHONE_NUMBER,03*******49,exact
baseline,REC-00545,REC-00545-E03,PERSON,Us*********qi,exact
baseline,REC-00546,REC-00546-E01,PERSON,Gh**********qi,exact
baseline,REC-00546,REC-00546-E02,CUSTOMER_ID,UB*****35,exact
baseline,REC-00546,REC-00546-E03,CNIC,42*********43,exact
baseline,REC-00547,REC-00547-E01,PERSON,qa*******ed,exact
baseline,REC-00547,REC-00547-E02,CUSTOMER_ID,UB*****81,exact
baseline,REC-00547,REC-00547-E04,ADDRESS,Pl*****************************ad,exact
baseline,REC-00547,REC-00547-E05,POSTAL_CODE,1****,exact
baseline,REC-00548,REC-00548-E04,CNIC,61*********26,exact
baseline,REC-00549,REC-00549-E02,CUSTOMER_ID,ub*****27,exact
baseline,REC-00551,REC-00551-E03,CUSTOMER_ID,ub*****80,exact
baseline,REC-00552,REC-00552-E02,CUSTOMER_ID,UB*****59,exact
baseline,REC-00552,REC-00552-E03,CNIC,21***********-5,exact
baseline,REC-00555,REC-00555-E03,POSTAL_CODE,3****,exact
baseline,REC-00555,REC-00555-E04,CUSTOMER_ID,UB*****69,exact
baseline,REC-00556,REC-00556-E01,PERSON,Ja**************ri,exact
baseline,REC-00557,REC-00557-E01,PERSON,Yu**************ut,exact
baseline,REC-00558,REC-00558-E03,CNIC,33*********71,exact
baseline,REC-00558,REC-00558-E05,PERSON,Sa******ed,exact
baseline,REC-00560,REC-00560-E04,CNIC,41***********-5,exact
baseline,REC-00561,REC-00561-E02,CUSTOMER_ID,UB*****53,exact
baseline,REC-00562,REC-00562-E01,PERSON,Ra*******ed,exact
baseline,REC-00563,REC-00563-E04,CUSTOMER_ID,UB*****28,exact
baseline,REC-00564,REC-00564-E02,CUSTOMER_ID,UB*****66,exact
baseline,REC-00564,REC-00564-E03,CNIC,21***********-1,exact
baseline,REC-00565,REC-00565-E01,CUSTOMER_ID,UB*****36,exact
baseline,REC-00565,REC-00565-E02,POSTAL_CODE,5****,exact
baseline,REC-00565,REC-00565-E05,ADDRESS,h ******************************ot,exact
baseline,REC-00566,REC-00566-E04,CNIC,17***********-1,exact
baseline,REC-00567,REC-00567-E01,CUSTOMER_ID,UB*****25,exact
baseline,REC-00567,REC-00567-E02,PERSON,Me***********qi,exact
baseline,REC-00567,REC-00567-E05,POSTAL_CODE,2****,exact
baseline,REC-00568,REC-00568-E01,PERSON,Pa*********hi,exact
baseline,REC-00568,REC-00568-E02,ADDRESS,Sh***************************re,exact
baseline,REC-00568,REC-00568-E04,PERSON,Sa********ut,exact
baseline,REC-00569,REC-00569-E01,PHONE_NUMBER,03********93,exact
baseline,REC-00569,REC-00569-E04,CUSTOMER_ID,UB*****47,exact
baseline,REC-00570,REC-00570-E02,CUSTOMER_ID,UB*****09,exact
baseline,REC-00570,REC-00570-E03,CNIC,55***********-2,exact
baseline,REC-00570,REC-00570-E05,PERSON,BI********NI,exact
baseline,REC-00572,REC-00572-E04,CNIC,55***********-1,exact
baseline,REC-00573,REC-00573-E03,POSTAL_CODE,3****,exact
baseline,REC-00573,REC-00573-E04,CUSTOMER_ID,UB*****25,exact
baseline,REC-00573,REC-00573-E05,PERSON,Ad*******ed,exact
baseline,REC-00576,REC-00576-E02,CUSTOMER_ID,UB*****76,exact
baseline,REC-00577,REC-00577-E03,ADDRESS,h ***************************************ad,exact
baseline,REC-00578,REC-00578-E01,CNIC,41*********84,exact
baseline,REC-00579,REC-00579-E01,ADDRESS,h ******************************re,exact
baseline,REC-00579,REC-00579-E02,POSTAL_CODE,1****,exact
baseline,REC-00579,REC-00579-E04,PERSON,Im*********in,exact
baseline,REC-00581,REC-00581-E04,CUSTOMER_ID,UB*****00,exact
baseline,REC-00582,REC-00582-E02,CUSTOMER_ID,UB*****71,exact
baseline,REC-00582,REC-00582-E03,CNIC,33*********88,exact
baseline,REC-00582,REC-00582-E05,PERSON,Iq*******ni,exact
baseline,REC-00583,REC-00583-E02,CUSTOMER_ID,UB*****98,exact
baseline,REC-00583,REC-00583-E04,POSTAL_CODE,6****,exact
baseline,REC-00584,REC-00584-E04,CNIC,35***********-9,exact
baseline,REC-00585,REC-00585-E01,CUSTOMER_ID,UB*****87,exact
baseline,REC-00585,REC-00585-E02,PERSON,Yu*******zi,exact
baseline,REC-00586,REC-00586-E02,PERSON,Ma**********si,exact
baseline,REC-00586,REC-00586-E04,PERSON,Yu*********hi,exact
baseline,REC-00587,REC-00587-E01,PERSON,Us********ma,exact
baseline,REC-00587,REC-00587-E03,CUSTOMER_ID,UB*****36,exact
baseline,REC-00587,REC-00587-E04,PERSON,Us********ma,exact
baseline,REC-00588,REC-00588-E01,CUSTOMER_ID,UB*****57,exact
baseline,REC-00588,REC-00588-E03,CNIC,35*********** 3,exact
baseline,REC-00589,REC-00589-E04,POSTAL_CODE,7****,exact
baseline,REC-00590,REC-00590-E04,CNIC,21*********** 7,exact
baseline,REC-00591,REC-00591-E05,POSTAL_CODE,2****,exact
baseline,REC-00592,REC-00592-E01,ADDRESS,h ***********************************ad,exact
baseline,REC-00592,REC-00592-E02,PHONE_NUMBER,03*******60,exact
baseline,REC-00592,REC-00592-E03,PERSON,ad********ed,exact
baseline,REC-00592,REC-00592-E04,PERSON,Iq*******ut,exact
baseline,REC-00595,REC-00595-E01,CUSTOMER_ID,UB*****32,exact
baseline,REC-00595,REC-00595-E03,POSTAL_CODE,9****,exact
baseline,REC-00595,REC-00595-E04,PERSON,Fa********ed,exact
baseline,REC-00596,REC-00596-E03,PHONE_NUMBER,03********79,exact
baseline,REC-00596,REC-00596-E04,CNIC,33***********-1,exact
baseline,REC-00597,REC-00597-E01,CUSTOMER_ID,UB*****35,exact
baseline,REC-00597,REC-00597-E02,PERSON,La********ni,exact
baseline,REC-00598,REC-00598-E01,PERSON,Pa***********ri,exact
baseline,REC-00598,REC-00598-E02,PERSON,Bi******za,exact
baseline,REC-00599,REC-00599-E03,CUSTOMER_ID,UB*****79,exact
baseline,REC-00601,REC-00601-E02,POSTAL_CODE,2****,exact
baseline,REC-00602,REC-00602-E04,CNIC,61***********-2,exact
baseline,REC-00603,REC-00603-E02,CUSTOMER_ID,UB*****60,exact
baseline,REC-00605,REC-00605-E03,PERSON,Ha********ut,exact
baseline,REC-00605,REC-00605-E04,CUSTOMER_ID,UB*****62,exact
baseline,REC-00606,REC-00606-E03,CNIC,41*********19,exact
baseline,REC-00606,REC-00606-E05,PERSON,No*******ig,exact
baseline,REC-00607,REC-00607-E04,POSTAL_CODE,1****,exact
baseline,REC-00608,REC-00608-E04,CNIC,41***********-6,exact
baseline,REC-00609,REC-00609-E01,CUSTOMER_ID,ub*****81,exact
baseline,REC-00609,REC-00609-E05,POSTAL_CODE,9****,exact
baseline,REC-00612,REC-00612-E02,CUSTOMER_ID,UB*****05,exact
baseline,REC-00612,REC-00612-E03,CNIC,38***********-7,exact
baseline,REC-00612,REC-00612-E05,PERSON,Om*****or,exact
baseline,REC-00613,REC-00613-E04,POSTAL_CODE,6****,exact
baseline,REC-00614,REC-00614-E04,CNIC,61***********-3,exact
baseline,REC-00615,REC-00615-E02,POSTAL_CODE,6****,exact
baseline,REC-00615,REC-00615-E04,CUSTOMER_ID,UB*****23,exact
baseline,REC-00616,REC-00616-E01,PERSON,Ri*********ut,exact
baseline,REC-00616,REC-00616-E02,PERSON,No*********mi,exact
baseline,REC-00618,REC-00618-E01,PERSON,no*********ut,exact
baseline,REC-00618,REC-00618-E02,CUSTOMER_ID,UB*****53,exact
baseline,REC-00618,REC-00618-E04,CNIC,52***********-1,exact
baseline,REC-00620,REC-00620-E04,CNIC,17***********-6,exact
baseline,REC-00621,REC-00621-E01,CUSTOMER_ID,UB*****84,exact
baseline,REC-00621,REC-00621-E04,ADDRESS,Ho***********************************************di,exact
baseline,REC-00621,REC-00621-E05,POSTAL_CODE,8****,exact
baseline,REC-00622,REC-00622-E01,PERSON,Da********ez,exact
baseline,REC-00623,REC-00623-E01,PERSON,wa********ni,exact
baseline,REC-00624,REC-00624-E01,PERSON,Al************al,exact
baseline,REC-00624,REC-00624-E02,CUSTOMER_ID,UB*****66,exact
baseline,REC-00624,REC-00624-E03,CNIC,35***********-5,exact
baseline,REC-00625,REC-00625-E02,CUSTOMER_ID,UB*****43,exact
baseline,REC-00626,REC-00626-E03,CNIC,38*********33,exact
baseline,REC-00627,REC-00627-E01,PERSON,Me********ig,exact
baseline,REC-00627,REC-00627-E02,CUSTOMER_ID,UB*****56,exact
baseline,REC-00627,REC-00627-E04,ADDRESS,Ho**************************************************ta,exact
baseline,REC-00628,REC-00628-E01,PERSON,Na*******ar,exact
baseline,REC-00630,REC-00630-E01,PERSON,Wa*******zi,exact
baseline,REC-00630,REC-00630-E02,CUSTOMER_ID,UB*****23,exact
baseline,REC-00630,REC-00630-E03,CNIC,42***********-3,exact
baseline,REC-00631,REC-00631-E01,POSTAL_CODE,2****,exact
baseline,REC-00631,REC-00631-E03,PERSON,Ri**********in,exact
baseline,REC-00633,REC-00633-E03,POSTAL_CODE,3****,exact
baseline,REC-00633,REC-00633-E04,CUSTOMER_ID,UB*****57,exact
baseline,REC-00633,REC-00633-E05,PERSON,Bi*******ar,exact
baseline,REC-00634,REC-00634-E02,PERSON,Pa***************ob,exact
baseline,REC-00635,REC-00635-E04,CUSTOMER_ID,UB*****06,exact
baseline,REC-00636,REC-00636-E01,CNIC,21***********-1,exact
baseline,REC-00636,REC-00636-E03,CUSTOMER_ID,UB*****60,exact
baseline,REC-00637,REC-00637-E02,CUSTOMER_ID,UB*****15,exact
baseline,REC-00637,REC-00637-E04,PHONE_NUMBER,03*******13,exact
baseline,REC-00638,REC-00638-E02,PERSON,Qa*********qi,exact
baseline,REC-00638,REC-00638-E03,CNIC,52***********-5,exact
baseline,REC-00639,REC-00639-E01,PERSON,Lu*********ma,exact
baseline,REC-00639,REC-00639-E04,POSTAL_CODE,9****,exact
baseline,REC-00639,REC-00639-E05,CUSTOMER_ID,UB*****56,exact
baseline,REC-00640,REC-00640-E03,PERSON,La*******hi,exact
baseline,REC-00642,REC-00642-E01,PERSON,Ki*******ar,exact
baseline,REC-00642,REC-00642-E02,CUSTOMER_ID,UB*****63,exact
baseline,REC-00642,REC-00642-E03,CNIC,41*********21,exact
baseline,REC-00642,REC-00642-E05,PERSON,Ki*********hi,exact
baseline,REC-00644,REC-00644-E01,PERSON,GH*********EZ,exact
baseline,REC-00644,REC-00644-E03,PHONE_NUMBER,03*******08,exact
baseline,REC-00644,REC-00644-E04,CNIC,38***********-8,exact
baseline,REC-00645,REC-00645-E01,CUSTOMER_ID,UB*****53,exact
baseline,REC-00645,REC-00645-E05,POSTAL_CODE,8****,exact
baseline,REC-00646,REC-00646-E01,PERSON,Sa*******ar,exact
baseline,REC-00647,REC-00647-E03,PHONE_NUMBER,03********85,exact
baseline,REC-00648,REC-00648-E02,CUSTOMER_ID,UB*****69,exact
baseline,REC-00648,REC-00648-E03,CNIC,21***********-1,exact
baseline,REC-00651,REC-00651-E01,CUSTOMER_ID,ub*****20,exact
baseline,REC-00651,REC-00651-E02,PERSON,BU*********ED,exact
baseline,REC-00651,REC-00651-E05,POSTAL_CODE,7****,exact
baseline,REC-00653,REC-00653-E03,CUSTOMER_ID,UB*****96,exact
baseline,REC-00654,REC-00654-E02,CUSTOMER_ID,UB*****01,exact
baseline,REC-00654,REC-00654-E03,CNIC,17*********** 2,exact
baseline,REC-00655,REC-00655-E02,CUSTOMER_ID,UB*****07,exact
baseline,REC-00655,REC-00655-E04,POSTAL_CODE,2****,exact
baseline,REC-00657,REC-00657-E02,CUSTOMER_ID,UB*****70,exact
baseline,REC-00657,REC-00657-E05,POSTAL_CODE,4****,exact
baseline,REC-00658,REC-00658-E02,PERSON,Ju*******ig,exact
baseline,REC-00658,REC-00658-E04,PERSON,Pa**********ez,exact
baseline,REC-00659,REC-00659-E01,PERSON,La*******ni,exact
baseline,REC-00659,REC-00659-E04,PERSON,La*******ni,exact
baseline,REC-00660,REC-00660-E02,CUSTOMER_ID,UB*****13,exact
baseline,REC-00660,REC-00660-E03,CNIC,33***********-9,exact
baseline,REC-00660,REC-00660-E05,PERSON,Ki********ma,exact
baseline,REC-00662,REC-00662-E02,CUSTOMER_ID,UB*****83,exact
baseline,REC-00662,REC-00662-E03,CNIC,21***********-5,exact
baseline,REC-00663,REC-00663-E02,CUSTOMER_ID,UB*****75,exact
baseline,REC-00663,REC-00663-E04,ADDRESS,Ho***************************************ar,exact
baseline,REC-00664,REC-00664-E03,PERSON,Us********kh,exact
baseline,REC-00666,REC-00666-E03,CNIC,52*********78,exact
baseline,REC-00666,REC-00666-E04,CUSTOMER_ID,UB*****89,exact
baseline,REC-00667,REC-00667-E02,CUSTOMER_ID,UB*****55,exact
baseline,REC-00667,REC-00667-E05,POSTAL_CODE,8****,exact
baseline,REC-00668,REC-00668-E01,CNIC,38***********-3,exact
baseline,REC-00669,REC-00669-E02,CUSTOMER_ID,UB*****55,exact
baseline,REC-00670,REC-00670-E01,ADDRESS,H.*******************************di,exact
baseline,REC-00670,REC-00670-E02,PERSON,Bi*********ui,exact
baseline,REC-00670,REC-00670-E04,PERSON,Iq*********ui,exact
baseline,REC-00672,REC-00672-E02,CUSTOMER_ID,UB*****10,exact
baseline,REC-00674,REC-00674-E02,PERSON,me**********ni,exact
baseline,REC-00675,REC-00675-E01,CUSTOMER_ID,UB*****64,exact
baseline,REC-00675,REC-00675-E05,POSTAL_CODE,2****,exact
baseline,REC-00676,REC-00676-E01,PERSON,Me**********ni,exact
baseline,REC-00677,REC-00677-E04,CUSTOMER_ID,UB*****88,exact
baseline,REC-00678,REC-00678-E02,CUSTOMER_ID,UB*****59,exact
baseline,REC-00678,REC-00678-E03,CNIC,33***********-1,exact
baseline,REC-00680,REC-00680-E03,PERSON,Bi*******ut,exact
baseline,REC-00681,REC-00681-E02,PERSON,Me***************ni,exact
baseline,REC-00681,REC-00681-E04,ADDRESS,Pl*****************************ad,exact
baseline,REC-00681,REC-00681-E05,POSTAL_CODE,2****,exact
baseline,REC-00682,REC-00682-E01,PERSON,Na*********ed,exact
baseline,REC-00682,REC-00682-E03,PERSON,Al********qi,exact
baseline,REC-00682,REC-00682-E04,ADDRESS,Ho*****************************************************ad,exact
baseline,REC-00684,REC-00684-E02,CUSTOMER_ID,UB*****06,exact
baseline,REC-00684,REC-00684-E03,CNIC,17***********-5,exact
baseline,REC-00684,REC-00684-E05,PERSON,Wa********ni,exact
baseline,REC-00685,REC-00685-E02,CUSTOMER_ID,UB*****13,exact
baseline,REC-00685,REC-00685-E04,POSTAL_CODE,7****,exact
baseline,REC-00686,REC-00686-E01,PERSON,ad*******hi,exact
baseline,REC-00686,REC-00686-E04,CNIC,35***********-4,exact
baseline,REC-00687,REC-00687-E01,CUSTOMER_ID,UB*****10,exact
baseline,REC-00687,REC-00687-E05,POSTAL_CODE,9****,exact
baseline,REC-00690,REC-00690-E01,PERSON,Na********ed,exact
baseline,REC-00690,REC-00690-E02,CUSTOMER_ID,UB*****05,exact
baseline,REC-00690,REC-00690-E03,CNIC,52*********67,exact
baseline,REC-00693,REC-00693-E01,PERSON,Na*********ma,exact
baseline,REC-00693,REC-00693-E02,CUSTOMER_ID,UB*****80,exact
baseline,REC-00694,REC-00694-E01,PERSON,Uz******ed,exact
baseline,REC-00694,REC-00694-E04,PHONE_NUMBER,03********63,exact
baseline,REC-00695,REC-00695-E01,PERSON,iq*************ri,exact
baseline,REC-00696,REC-00696-E01,CNIC,21***********-4,exact
baseline,REC-00696,REC-00696-E02,CUSTOMER_ID,UB*****26,exact
baseline,REC-00697,REC-00697-E04,POSTAL_CODE,2****,exact
baseline,REC-00698,REC-00698-E02,CUSTOMER_ID,UB*****89,exact
baseline,REC-00699,REC-00699-E01,PERSON,As********ri,exact
baseline,REC-00699,REC-00699-E04,POSTAL_CODE,1****,exact
baseline,REC-00699,REC-00699-E05,CUSTOMER_ID,UB*****24,exact
baseline,REC-00700,REC-00700-E01,PERSON,TA*************RI,exact
baseline,REC-00702,REC-00702-E03,CNIC,33***********-8,exact
baseline,REC-00702,REC-00702-E05,PERSON,Bi******ar,exact
baseline,REC-00703,REC-00703-E02,PERSON,Al*******ni,exact
baseline,REC-00703,REC-00703-E04,POSTAL_CODE,5****,exact
baseline,REC-00703,REC-00703-E05,CUSTOMER_ID,UB*****51,exact
baseline,REC-00704,REC-00704-E03,CNIC,21***********-2,exact
baseline,REC-00705,REC-00705-E01,CUSTOMER_ID,UB*****23,exact
baseline,REC-00707,REC-00707-E03,CUSTOMER_ID,UB*****85,exact
baseline,REC-00708,REC-00708-E02,CUSTOMER_ID,UB*****90,exact
baseline,REC-00708,REC-00708-E03,CNIC,52*********** 1,exact
baseline,REC-00708,REC-00708-E05,PERSON,Eh*******za,exact
baseline,REC-00709,REC-00709-E04,POSTAL_CODE,2****,exact
baseline,REC-00710,REC-00710-E02,CNIC,17***********-5,exact
baseline,REC-00710,REC-00710-E04,CUSTOMER_ID,UB*****40,exact
baseline,REC-00711,REC-00711-E02,POSTAL_CODE,8****,exact
baseline,REC-00712,REC-00712-E04,ADDRESS,Ho*******************************************ad,exact
baseline,REC-00714,REC-00714-E01,PERSON,Eh******za,exact
baseline,REC-00714,REC-00714-E02,CUSTOMER_ID,UB*****50,exact
baseline,REC-00714,REC-00714-E03,CNIC,52***********-3,exact
baseline,REC-00714,REC-00714-E05,PERSON,Sa**********ry,exact
baseline,REC-00715,REC-00715-E04,POSTAL_CODE,8****,exact
baseline,REC-00716,REC-00716-E02,CUSTOMER_ID,UB*****78,exact
baseline,REC-00716,REC-00716-E03,CNIC,61***********-2,exact
baseline,REC-00717,REC-00717-E01,PERSON,Yu********ut,exact
baseline,REC-00717,REC-00717-E03,CUSTOMER_ID,UB*****81,exact
baseline,REC-00717,REC-00717-E04,POSTAL_CODE,2****,exact
baseline,REC-00719,REC-00719-E01,PERSON,Eh*******ar,exact
baseline,REC-00720,REC-00720-E01,CUSTOMER_ID,UB*****47,exact
baseline,REC-00720,REC-00720-E02,CNIC,61*********81,exact
baseline,REC-00720,REC-00720-E03,PERSON,No*********ed,exact
baseline,REC-00721,REC-00721-E01,PERSON,Ha******or,exact
baseline,REC-00721,REC-00721-E03,ADDRESS,ne***************************************************an,exact
baseline,REC-00721,REC-00721-E04,POSTAL_CODE,5****,exact
baseline,REC-00722,REC-00722-E04,CNIC,21***********-7,exact
baseline,REC-00723,REC-00723-E02,POSTAL_CODE,9****,exact
baseline,REC-00723,REC-00723-E04,CUSTOMER_ID,UB*****04,exact
baseline,REC-00724,REC-00724-E01,ADDRESS,H.******************************ad,exact
baseline,REC-00724,REC-00724-E03,PERSON,Uz*******ua,exact
baseline,REC-00725,REC-00725-E01,PERSON,OM*******UA,exact
baseline,REC-00725,REC-00725-E03,CUSTOMER_ID,UB*****45,exact
baseline,REC-00725,REC-00725-E05,PERSON,OM*******UA,exact
baseline,REC-00726,REC-00726-E02,CUSTOMER_ID,UB*****67,exact
baseline,REC-00726,REC-00726-E03,CNIC,61*********43,exact
baseline,REC-00726,REC-00726-E05,PERSON,Im********ut,exact
baseline,REC-00727,REC-00727-E04,POSTAL_CODE,6****,exact
baseline,REC-00729,REC-00729-E01,CUSTOMER_ID,UB*****53,exact
baseline,REC-00729,REC-00729-E04,ADDRESS,h **********************************ad,exact
baseline,REC-00731,REC-00731-E04,CUSTOMER_ID,UB*****92,exact
baseline,REC-00732,REC-00732-E02,CUSTOMER_ID,UB*****02,exact
baseline,REC-00732,REC-00732-E03,CNIC,38***********-8,exact
baseline,REC-00732,REC-00732-E05,PERSON,Ha*********ma,exact
baseline,REC-00733,REC-00733-E02,CUSTOMER_ID,UB*****27,exact
baseline,REC-00734,REC-00734-E01,PERSON,Wa*********qi,exact
baseline,REC-00735,REC-00735-E02,CUSTOMER_ID,UB*****28,exact
baseline,REC-00735,REC-00735-E05,POSTAL_CODE,9****,exact
baseline,REC-00736,REC-00736-E01,PERSON,Na***********ui,exact
baseline,REC-00737,REC-00737-E04,CUSTOMER_ID,UB*****63,exact
baseline,REC-00738,REC-00738-E02,CUSTOMER_ID,UB*****50,exact
baseline,REC-00738,REC-00738-E03,CNIC,33***********-7,exact
baseline,REC-00739,REC-00739-E02,CUSTOMER_ID,UB*****09,exact
baseline,REC-00739,REC-00739-E04,POSTAL_CODE,8****,exact
baseline,REC-00740,REC-00740-E01,CUSTOMER_ID,UB*****83,exact
baseline,REC-00740,REC-00740-E04,CNIC,17***********-7,exact
baseline,REC-00741,REC-00741-E01,CUSTOMER_ID,UB*****50,exact
baseline,REC-00741,REC-00741-E05,POSTAL_CODE,3****,exact
baseline,REC-00742,REC-00742-E01,PERSON,Wa**********ui,exact
baseline,REC-00742,REC-00742-E04,PERSON,No**********ri,exact
baseline,REC-00743,REC-00743-E04,CUSTOMER_ID,UB*****92,exact
baseline,REC-00744,REC-00744-E01,CUSTOMER_ID,UB*****21,exact
baseline,REC-00746,REC-00746-E01,CNIC,42***********-4,exact
baseline,REC-00747,REC-00747-E02,CUSTOMER_ID,UB*****11,exact
baseline,REC-00747,REC-00747-E04,ADDRESS,ne*********************************************ta,exact
baseline,REC-00747,REC-00747-E05,POSTAL_CODE,6****,exact
baseline,REC-00748,REC-00748-E02,PERSON,Ad*******ar,exact
baseline,REC-00749,REC-00749-E01,PERSON,Ad******ig,exact
baseline,REC-00749,REC-00749-E03,CUSTOMER_ID,UB*****40,exact
baseline,REC-00749,REC-00749-E04,PERSON,Ad******ig,exact
baseline,REC-00750,REC-00750-E01,PERSON,KI*******ZA,exact
baseline,REC-00750,REC-00750-E02,CUSTOMER_ID,UB*****64,exact
baseline,REC-00751,REC-00751-E01,PERSON,na*******ni,exact
baseline,REC-00751,REC-00751-E02,CUSTOMER_ID,UB*****53,exact
baseline,REC-00751,REC-00751-E04,POSTAL_CODE,9****,exact
baseline,REC-00752,REC-00752-E01,CNIC,33*********14,exact
baseline,REC-00753,REC-00753-E01,CUSTOMER_ID,UB*****33,exact
baseline,REC-00753,REC-00753-E05,POSTAL_CODE,5****,exact
baseline,REC-00754,REC-00754-E03,PERSON,Ad********ob,exact
baseline,REC-00755,REC-00755-E04,CUSTOMER_ID,UB*****23,exact
baseline,REC-00756,REC-00756-E02,CUSTOMER_ID,UB*****19,exact
baseline,REC-00756,REC-00756-E03,CNIC,61***********-3,exact
baseline,REC-00756,REC-00756-E05,PERSON,No*********mi,exact
baseline,REC-00757,REC-00757-E02,CUSTOMER_ID,UB*****23,exact
baseline,REC-00758,REC-00758-E02,CNIC,17***********-2,exact
baseline,REC-00758,REC-00758-E04,PERSON,Wa********ni,exact
baseline,REC-00759,REC-00759-E01,CUSTOMER_ID,UB*****72,exact
baseline,REC-00759,REC-00759-E05,POSTAL_CODE,1****,exact
baseline,REC-00761,REC-00761-E03,CUSTOMER_ID,UB*****17,exact
baseline,REC-00762,REC-00762-E03,CNIC,17*********37,exact
baseline,REC-00762,REC-00762-E05,PERSON,Al*******ma,exact
baseline,REC-00763,REC-00763-E02,CUSTOMER_ID,UB*****52,exact
baseline,REC-00764,REC-00764-E02,CUSTOMER_ID,UB*****45,exact
baseline,REC-00764,REC-00764-E03,PERSON,Da******ig,exact
baseline,REC-00764,REC-00764-E04,CNIC,41***********-2,exact
baseline,REC-00765,REC-00765-E02,CUSTOMER_ID,UB*****91,exact
baseline,REC-00765,REC-00765-E03,POSTAL_CODE,4****,exact
baseline,REC-00766,REC-00766-E02,PERSON,Ma**********ut,exact
baseline,REC-00767,REC-00767-E01,PERSON,Pa**********ni,exact
baseline,REC-00767,REC-00767-E04,PERSON,Pa**********ni,exact
baseline,REC-00768,REC-00768-E01,CUSTOMER_ID,UB*****91,exact
baseline,REC-00768,REC-00768-E02,CNIC,35*********46,exact
baseline,REC-00769,REC-00769-E04,POSTAL_CODE,1****,exact
baseline,REC-00770,REC-00770-E04,CNIC,21***********-9,exact
baseline,REC-00774,REC-00774-E03,CUSTOMER_ID,UB*****04,exact
baseline,REC-00775,REC-00775-E02,CUSTOMER_ID,UB*****08,exact
baseline,REC-00775,REC-00775-E04,POSTAL_CODE,7****,exact
baseline,REC-00777,REC-00777-E01,CUSTOMER_ID,UB*****72,exact
baseline,REC-00778,REC-00778-E03,ADDRESS,Ho*****************************************ta,exact
baseline,REC-00779,REC-00779-E03,PERSON,Na********si,exact
baseline,REC-00779,REC-00779-E04,CUSTOMER_ID,UB*****40,exact
baseline,REC-00780,REC-00780-E02,CUSTOMER_ID,UB*****18,exact
baseline,REC-00780,REC-00780-E03,CNIC,33***********-5,exact
baseline,REC-00780,REC-00780-E05,PERSON,Bi**********ui,exact
baseline,REC-00781,REC-00781-E02,CUSTOMER_ID,UB*****69,exact
baseline,REC-00781,REC-00781-E04,POSTAL_CODE,7****,exact
baseline,REC-00782,REC-00782-E01,CUSTOMER_ID,ub*****54,exact
baseline,REC-00782,REC-00782-E03,PERSON,No*********ez,exact
baseline,REC-00783,REC-00783-E01,PERSON,Ad*******al,exact
baseline,REC-00783,REC-00783-E02,CUSTOMER_ID,ub*****14,exact
baseline,REC-00784,REC-00784-E01,PHONE_NUMBER,03********21,exact
baseline,REC-00784,REC-00784-E03,PERSON,Na********ed,exact
baseline,REC-00785,REC-00785-E04,CUSTOMER_ID,UB*****92,exact
baseline,REC-00787,REC-00787-E02,CUSTOMER_ID,UB*****28,exact
baseline,REC-00787,REC-00787-E03,ADDRESS,Ho*********************************************ar,exact
baseline,REC-00788,REC-00788-E04,CNIC,61***********-9,exact
baseline,REC-00789,REC-00789-E01,PERSON,Fa********al,exact
baseline,REC-00789,REC-00789-E02,CUSTOMER_ID,UB*****22,exact
baseline,REC-00790,REC-00790-E01,PERSON,Fa********zi,exact
baseline,REC-00790,REC-00790-E02,PERSON,Ri*********ut,exact
baseline,REC-00792,REC-00792-E01,CUSTOMER_ID,UB*****32,exact
baseline,REC-00792,REC-00792-E02,CNIC,55***********-5,exact
baseline,REC-00793,REC-00793-E02,POSTAL_CODE,4****,exact
baseline,REC-00793,REC-00793-E03,CUSTOMER_ID,UB*****33,exact
baseline,REC-00794,REC-00794-E02,PERSON,Ay*********ri,exact
baseline,REC-00795,REC-00795-E03,PERSON,Pa*********ar,exact
baseline,REC-00795,REC-00795-E04,POSTAL_CODE,4****,exact
baseline,REC-00795,REC-00795-E05,CUSTOMER_ID,UB*****21,exact
baseline,REC-00796,REC-00796-E01,PERSON,Bi************ar,exact
baseline,REC-00796,REC-00796-E02,PERSON,Fa*********ri,exact
baseline,REC-00797,REC-00797-E01,PERSON,Me**********ni,exact
baseline,REC-00797,REC-00797-E03,CUSTOMER_ID,UB*****33,exact
baseline,REC-00797,REC-00797-E05,PERSON,Me**********ni,exact
baseline,REC-00799,REC-00799-E02,ADDRESS,ne********************************************************di,exact
baseline,REC-00799,REC-00799-E03,POSTAL_CODE,9****,exact
baseline,REC-00799,REC-00799-E04,PERSON,Da******or,exact
baseline,REC-00799,REC-00799-E05,CUSTOMER_ID,UB*****49,exact
baseline,REC-00800,REC-00800-E04,CNIC,35***********-7,exact
baseline,REC-00801,REC-00801-E02,CUSTOMER_ID,UB*****65,exact
baseline,REC-00801,REC-00801-E05,POSTAL_CODE,5****,exact
baseline,REC-00802,REC-00802-E02,PERSON,us******or,exact
baseline,REC-00804,REC-00804-E02,PERSON,Eh********mi,exact
baseline,REC-00804,REC-00804-E03,CNIC,42*********43,exact
baseline,REC-00804,REC-00804-E04,CUSTOMER_ID,UB*****44,exact
baseline,REC-00806,REC-00806-E03,CNIC,33*********** 3,exact
baseline,REC-00807,REC-00807-E02,CUSTOMER_ID,UB*****80,exact
baseline,REC-00807,REC-00807-E03,POSTAL_CODE,6****,exact
baseline,REC-00808,REC-00808-E01,PERSON,Ad********ma,exact
baseline,REC-00808,REC-00808-E02,ADDRESS,h ********************************ot,exact
baseline,REC-00808,REC-00808-E03,PERSON,Sa*************ed,exact
baseline,REC-00809,REC-00809-E01,PERSON,No**********qi,exact
baseline,REC-00809,REC-00809-E03,CUSTOMER_ID,UB*****89,exact
baseline,REC-00809,REC-00809-E05,PERSON,No**********qi,exact
baseline,REC-00810,REC-00810-E01,CUSTOMER_ID,UB*****70,exact
baseline,REC-00810,REC-00810-E02,CNIC,42***********-3,exact
baseline,REC-00811,REC-00811-E01,PERSON,Bu*********ma,exact
baseline,REC-00812,REC-00812-E04,CNIC,55*********58,exact
baseline,REC-00813,REC-00813-E01,CUSTOMER_ID,UB*****79,exact
baseline,REC-00813,REC-00813-E03,PERSON,Ki***************in,exact
baseline,REC-00813,REC-00813-E04,POSTAL_CODE,7****,exact
baseline,REC-00814,REC-00814-E01,PERSON,La*******ar,exact
baseline,REC-00815,REC-00815-E04,CUSTOMER_ID,UB*****03,exact
baseline,REC-00816,REC-00816-E02,CNIC,52*********31,exact
baseline,REC-00816,REC-00816-E03,CUSTOMER_ID,UB*****80,exact
baseline,REC-00816,REC-00816-E04,PERSON,Me*********al,exact
baseline,REC-00817,REC-00817-E02,POSTAL_CODE,8****,exact
baseline,REC-00818,REC-00818-E04,CNIC,55***********-3,exact
baseline,REC-00819,REC-00819-E02,CUSTOMER_ID,UB*****25,exact
baseline,REC-00819,REC-00819-E04,ADDRESS,Pl******************************ad,exact
baseline,REC-00819,REC-00819-E05,POSTAL_CODE,5****,exact
baseline,REC-00821,REC-00821-E03,CUSTOMER_ID,UB*****41,exact
baseline,REC-00822,REC-00822-E01,PERSON,Da********ua,exact
baseline,REC-00822,REC-00822-E02,CUSTOMER_ID,UB*****57,exact
baseline,REC-00822,REC-00822-E03,CNIC,55***********-8,exact
baseline,REC-00822,REC-00822-E05,PERSON,Wa*********ni,exact
baseline,REC-00823,REC-00823-E04,POSTAL_CODE,2****,exact
baseline,REC-00823,REC-00823-E05,CUSTOMER_ID,UB*****95,exact
baseline,REC-00824,REC-00824-E01,CUSTOMER_ID,UB*****10,exact
baseline,REC-00824,REC-00824-E03,CNIC,33***********-7,exact
baseline,REC-00824,REC-00824-E04,PERSON,Ay*********ez,exact
baseline,REC-00825,REC-00825-E01,POSTAL_CODE,2****,exact
baseline,REC-00825,REC-00825-E03,PERSON,Uz******ed,exact
baseline,REC-00825,REC-00825-E05,CUSTOMER_ID,UB*****18,exact
baseline,REC-00826,REC-00826-E03,PERSON,gh*******ig,exact
baseline,REC-00827,REC-00827-E03,PERSON,AY********HI,exact
baseline,REC-00827,REC-00827-E04,CUSTOMER_ID,UB*****27,exact
baseline,REC-00828,REC-00828-E02,CUSTOMER_ID,UB*****60,exact
baseline,REC-00828,REC-00828-E03,CNIC,38***********-3,exact
baseline,REC-00829,REC-00829-E02,CUSTOMER_ID,UB*****40,exact
baseline,REC-00830,REC-00830-E01,PERSON,Ha********al,exact
baseline,REC-00830,REC-00830-E02,PHONE_NUMBER,03********23,exact
baseline,REC-00830,REC-00830-E03,CUSTOMER_ID,UB*****06,exact
baseline,REC-00830,REC-00830-E04,CNIC,17*********65,exact
baseline,REC-00831,REC-00831-E01,CUSTOMER_ID,ub*****81,exact
baseline,REC-00831,REC-00831-E05,POSTAL_CODE,5****,exact
baseline,REC-00832,REC-00832-E01,PERSON,Ha*********ut,exact
baseline,REC-00833,REC-00833-E04,CUSTOMER_ID,UB*****26,exact
baseline,REC-00835,REC-00835-E01,ADDRESS,Pl*****************************ad,exact
baseline,REC-00835,REC-00835-E02,POSTAL_CODE,8****,exact
baseline,REC-00835,REC-00835-E05,CUSTOMER_ID,UB*****95,exact
baseline,REC-00836,REC-00836-E04,CNIC,52***********-7,exact
baseline,REC-00837,REC-00837-E01,CUSTOMER_ID,ub*****97,exact
baseline,REC-00837,REC-00837-E04,ADDRESS,h *****************************ar,exact
baseline,REC-00837,REC-00837-E05,POSTAL_CODE,7****,exact
baseline,REC-00838,REC-00838-E03,PHONE_NUMBER,03*******09,exact
baseline,REC-00839,REC-00839-E03,CUSTOMER_ID,UB*****44,exact
baseline,REC-00840,REC-00840-E01,CUSTOMER_ID,UB*****03,exact
baseline,REC-00840,REC-00840-E02,CNIC,41*********44,exact
baseline,REC-00840,REC-00840-E04,PHONE_NUMBER,03*********36,exact
baseline,REC-00841,REC-00841-E04,POSTAL_CODE,9****,exact
baseline,REC-00842,REC-00842-E01,CUSTOMER_ID,UB*****42,exact
baseline,REC-00843,REC-00843-E02,CUSTOMER_ID,UB*****60,exact
baseline,REC-00843,REC-00843-E03,POSTAL_CODE,7****,exact
baseline,REC-00843,REC-00843-E05,PERSON,Ta*******za,exact
baseline,REC-00844,REC-00844-E01,PERSON,Da********ob,exact
baseline,REC-00844,REC-00844-E02,PERSON,Bu*********ed,exact
baseline,REC-00844,REC-00844-E03,ADDRESS,Ho************************************************ad,exact
baseline,REC-00845,REC-00845-E03,CUSTOMER_ID,UB*****98,exact
baseline,REC-00847,REC-00847-E01,POSTAL_CODE,4****,exact
baseline,REC-00847,REC-00847-E03,CUSTOMER_ID,UB*****85,exact
baseline,REC-00849,REC-00849-E01,CUSTOMER_ID,UB*****51,exact
baseline,REC-00849,REC-00849-E02,PERSON,Bi*******ut,exact
baseline,REC-00849,REC-00849-E05,POSTAL_CODE,7****,exact
baseline,REC-00850,REC-00850-E01,PERSON,Ha*******al,exact
baseline,CHAL-001,CHAL-001-E01,PHONE_NUMBER,03********92,exact
baseline,CHAL-002,CHAL-002-E01,CNIC,38*********35,exact
baseline,CHAL-005,CHAL-005-E02,CNIC,21***********-7,exact
baseline,CHAL-008,CHAL-008-E02,ADDRESS,Fl*************************************00,exact
baseline,CHAL-008,CHAL-008-E03,POSTAL_CODE,1****,exact
baseline,CHAL-013,CHAL-013-E01,CNIC,41*********93,exact
baseline,CHAL-015,CHAL-015-E01,PERSON,sh*********si,exact
baseline,CHAL-017,CHAL-017-E01,CNIC,21*********** 7,exact
improved,REC-00006,REC-00006-E01,PERSON,No********al,exact
improved,REC-00006,REC-00006-E05,PERSON,wa*******ar,exact
improved,REC-00011,REC-00011-E01,PERSON,Na********ri,exact
improved,REC-00012,REC-00012-E05,PERSON,Na********kh,exact
improved,REC-00015,REC-00015-E02,PERSON,Ki********ma,exact
improved,REC-00028,REC-00028-E01,PERSON,OM*******SI,exact
improved,REC-00028,REC-00028-E02,PERSON,Us*******al,exact
improved,REC-00031,REC-00031-E01,PERSON,RI***********UI,exact
improved,REC-00033,REC-00033-E05,PERSON,SA*********UI,exact
improved,REC-00037,REC-00037-E01,PERSON,Fa*********ed,exact
improved,REC-00037,REC-00037-E03,ADDRESS,ne***************************************************ta,exact
improved,REC-00043,REC-00043-E01,PERSON,Na**********ui,exact
improved,REC-00048,REC-00048-E05,PERSON,Al************ar,exact
improved,REC-00061,REC-00061-E01,PERSON,Iq******al,exact
improved,REC-00064,REC-00064-E02,PERSON,La*********ri,exact
improved,REC-00070,REC-00070-E02,PERSON,wa*********ni,exact
improved,REC-00075,REC-00075-E02,PERSON,Na********ri,exact
improved,REC-00078,REC-00078-E05,PERSON,Wa**********ui,exact
improved,REC-00082,REC-00082-E01,PERSON,IM*********IN,exact
improved,REC-00088,REC-00088-E01,PERSON,Yu*******za,exact
improved,REC-00090,REC-00090-E01,PERSON,eh********ed,exact
improved,REC-00090,REC-00090-E05,PERSON,Yu*******ar,exact
improved,REC-00092,REC-00092-E01,PERSON,SA*******NI,exact
improved,REC-00096,REC-00096-E01,PERSON,Us*********qi,exact
improved,REC-00096,REC-00096-E05,PERSON,Ha********ma,exact
improved,REC-00100,REC-00100-E01,PERSON,Na********ar,exact
improved,REC-00102,REC-00102-E05,PERSON,Om*******ri,exact
improved,REC-00103,REC-00103-E01,PERSON,Us********ut,exact
improved,REC-00106,REC-00106-E01,PERSON,Na*******za,exact
improved,REC-00111,REC-00111-E05,PERSON,la*******hi,exact
improved,REC-00113,REC-00113-E01,PERSON,AD*******AR,exact
improved,REC-00114,REC-00114-E01,PERSON,iq*****ig,exact
improved,REC-00114,REC-00114-E05,PERSON,Ha*******za,exact
improved,REC-00120,REC-00120-E05,PERSON,GH*********NI,exact
improved,REC-00124,REC-00124-E01,PERSON,Na*********ni,exact
improved,REC-00125,REC-00125-E01,PERSON,ZA*****************HI,exact
improved,REC-00130,REC-00130-E02,PERSON,WA*********HI,exact
improved,REC-00134,REC-00134-E01,PERSON,na***************ed,exact
improved,REC-00135,REC-00135-E01,PERSON,No**********qi,exact
improved,REC-00136,REC-00136-E02,PERSON,Wa********ma,exact
improved,REC-00139,REC-00139-E01,PERSON,Yu*******ar,exact
improved,REC-00141,REC-00141-E01,PERSON,Ha*******ed,exact
improved,REC-00144,REC-00144-E01,PERSON,qa********ob,exact
improved,REC-00147,REC-00147-E01,PERSON,La********ni,exact
improved,REC-00148,REC-00148-E01,PERSON,La********si,exact
improved,REC-00150,REC-00150-E03,CNIC,61*********06,exact
improved,REC-00150,REC-00150-E05,PERSON,Hi********ri,exact
improved,REC-00159,REC-00159-E01,PERSON,Ay********al,exact
improved,REC-00162,REC-00162-E01,PERSON,AD**********RY,exact
improved,REC-00162,REC-00162-E05,PERSON,La****************ui,exact
improved,REC-00165,REC-00165-E02,PERSON,MA***************AR,exact
improved,REC-00172,REC-00172-E02,PERSON,La*******ni,exact
improved,REC-00178,REC-00178-E01,PERSON,BI*********RI,exact
improved,REC-00179,REC-00179-E01,PERSON,Na*********ob,exact
improved,REC-00179,REC-00179-E04,PERSON,Na*********ob,exact
improved,REC-00181,REC-00181-E03,PERSON,Qa*******ar,exact
improved,REC-00190,REC-00190-E02,PERSON,da*******hi,exact
improved,REC-00194,REC-00194-E04,PERSON,GH**********HI,exact
improved,REC-00196,REC-00196-E01,PERSON,Ay*********ed,exact
improved,REC-00196,REC-00196-E02,PERSON,Da******ig,exact
improved,REC-00197,REC-00197-E01,PERSON,Wa********ed,exact
improved,REC-00208,REC-00208-E03,PERSON,pa**********ma,exact
improved,REC-00210,REC-00210-E05,PERSON,Yu*********ri,exact
improved,REC-00213,REC-00213-E01,PERSON,RA********NI,exact
improved,REC-00214,REC-00214-E01,PERSON,Ma************ui,exact
improved,REC-00221,REC-00221-E01,PERSON,eh********ob,exact
improved,REC-00221,REC-00221-E05,PERSON,eh********ob,exact
improved,REC-00224,REC-00224-E01,PERSON,Fa********al,exact
improved,REC-00225,REC-00225-E02,PERSON,Ay**********qi,exact
improved,REC-00228,REC-00228-E01,PERSON,Za*********ed,exact
improved,REC-00228,REC-00228-E05,PERSON,fa*********ni,exact
improved,REC-00230,REC-00230-E04,CNIC,21*********55,exact
improved,REC-00231,REC-00231-E01,PERSON,Ha********ma,exact
improved,REC-00240,REC-00240-E01,PERSON,Fa*********ni,exact
improved,REC-00240,REC-00240-E05,PERSON,AY********ED,exact
improved,REC-00244,REC-00244-E01,PERSON,WA*******AR,exact
improved,REC-00245,REC-00245-E01,PERSON,wa*******ed,exact
improved,REC-00246,REC-00246-E05,PERSON,Sa******ed,exact
improved,REC-00247,REC-00247-E01,PERSON,BU********ED,exact
improved,REC-00250,REC-00250-E01,PERSON,Me***********qi,exact
improved,REC-00262,REC-00262-E01,PERSON,AL*****ZA,exact
improved,REC-00263,REC-00263-E01,PERSON,Fa*********ma,exact
improved,REC-00263,REC-00263-E05,PERSON,Fa*********ma,exact
improved,REC-00267,REC-00267-E01,PERSON,Na********ed,exact
improved,REC-00279,REC-00279-E02,PERSON,ZA**************KH,exact
improved,REC-00286,REC-00286-E01,PERSON,ME*********AR,exact
improved,REC-00286,REC-00286-E02,PERSON,Na*******ed,exact
improved,REC-00288,REC-00288-E01,PERSON,AL******IK,exact
improved,REC-00302,REC-00302-E02,PERSON,DA********NI,exact
improved,REC-00304,REC-00304-E02,PERSON,bi*******ed,exact
improved,REC-00305,REC-00305-E01,PERSON,Iq***************ui,exact
improved,REC-00305,REC-00305-E05,PERSON,Iq***************ui,exact
improved,REC-00311,REC-00311-E01,PERSON,BU****************IN,exact
improved,REC-00312,REC-00312-E05,PERSON,Fa*******ig,exact
improved,REC-00318,REC-00318-E01,PERSON,Al********qi,exact
improved,REC-00318,REC-00318-E05,PERSON,No********ni,exact
improved,REC-00333,REC-00333-E02,PERSON,Fa*********ni,exact
improved,REC-00334,REC-00334-E01,PERSON,PA************QI,exact
improved,REC-00337,REC-00337-E01,PERSON,ki******za,exact
improved,REC-00338,REC-00338-E04,CNIC,33*********29,exact
improved,REC-00342,REC-00342-E01,PERSON,Eh********ob,exact
improved,REC-00342,REC-00342-E05,PERSON,Eh*********in,exact
improved,REC-00345,REC-00345-E02,PERSON,Ad********ma,exact
improved,REC-00348,REC-00348-E05,PERSON,As**************ma,exact
improved,REC-00352,REC-00352-E02,PERSON,La********ez,exact
improved,REC-00367,REC-00367-E01,PERSON,Na*******zi,exact
improved,REC-00372,REC-00372-E05,PERSON,No**********in,exact
improved,REC-00375,REC-00375-E02,PERSON,Ha********ed,exact
improved,REC-00380,REC-00380-E01,PERSON,AY*********NI,exact
improved,REC-00384,REC-00384-E01,PERSON,Na********ri,exact
improved,REC-00384,REC-00384-E05,PERSON,Sa********ut,exact
improved,REC-00390,REC-00390-E03,CNIC,55*********69,exact
improved,REC-00390,REC-00390-E05,PERSON,Ja********ut,exact
improved,REC-00397,REC-00397-E01,ADDRESS,ne****************************************************re,exact
improved,REC-00400,REC-00400-E01,PERSON,Sa********ri,exact
improved,REC-00403,REC-00403-E04,ADDRESS,ne**************************************************re,exact
improved,REC-00414,REC-00414-E01,PERSON,Za********al,exact
improved,REC-00414,REC-00414-E05,PERSON,me*********zi,exact
improved,REC-00415,REC-00415-E01,PERSON,Wa********ua,exact
improved,REC-00417,REC-00417-E02,PERSON,SH*********UT,exact
improved,REC-00418,REC-00418-E02,PERSON,Sa*******ut,exact
improved,REC-00420,REC-00420-E05,PERSON,Wa*******ik,exact
improved,REC-00422,REC-00422-E01,PERSON,KI*******AL,exact
improved,REC-00424,REC-00424-E03,PERSON,WA**********RY,exact
improved,REC-00426,REC-00426-E01,PERSON,La**************qi,exact
improved,REC-00426,REC-00426-E05,PERSON,As******ed,exact
improved,REC-00430,REC-00430-E01,PERSON,Pa**********ma,exact
improved,REC-00434,REC-00434-E01,PERSON,al*****ig,exact
improved,REC-00436,REC-00436-E01,PERSON,Ma**********ob,exact
improved,REC-00439,REC-00439-E01,PERSON,Na********ed,exact
improved,REC-00441,REC-00441-E02,PERSON,ta**********ui,exact
improved,REC-00444,REC-00444-E05,PERSON,Ta********al,exact
improved,REC-00448,REC-00448-E01,PERSON,Ay***********ui,exact
improved,REC-00450,REC-00450-E05,PERSON,Fa*********ed,exact
improved,REC-00459,REC-00459-E05,PERSON,MA**********SI,exact
improved,REC-00466,REC-00466-E02,PERSON,Wa*******al,exact
improved,REC-00468,REC-00468-E01,PERSON,Bi**********ui,exact
improved,REC-00480,REC-00480-E03,CNIC,21*********18,exact
improved,REC-00481,REC-00481-E01,PERSON,Ad********ut,exact
improved,REC-00486,REC-00486-E01,PERSON,Ad********ob,exact
improved,REC-00495,REC-00495-E04,PERSON,fa*********ma,exact
improved,REC-00496,REC-00496-E01,PERSON,Fa***********ui,exact
improved,REC-00496,REC-00496-E02,PERSON,sa*******hi,exact
improved,REC-00498,REC-00498-E01,PERSON,qa*******ed,exact
improved,REC-00498,REC-00498-E05,PERSON,Fa*********ma,exact
improved,REC-00514,REC-00514-E02,PERSON,LU********AL,exact
improved,REC-00526,REC-00526-E01,PERSON,Fa********ar,exact
improved,REC-00543,REC-00543-E04,PERSON,PA**********ED,exact
improved,REC-00544,REC-00544-E02,PERSON,Wa********ez,exact
improved,REC-00547,REC-00547-E01,PERSON,qa*******ed,exact
improved,REC-00557,REC-00557-E01,PERSON,Yu**************ut,exact
improved,REC-00558,REC-00558-E03,CNIC,33*********71,exact
improved,REC-00558,REC-00558-E05,PERSON,Sa******ed,exact
improved,REC-00562,REC-00562-E01,PERSON,Ra*******ed,exact
improved,REC-00567,REC-00567-E02,PERSON,Me***********qi,exact
improved,REC-00570,REC-00570-E05,PERSON,BI********NI,exact
improved,REC-00582,REC-00582-E05,PERSON,Iq*******ni,exact
improved,REC-00585,REC-00585-E02,PERSON,Yu*******zi,exact
improved,REC-00592,REC-00592-E03,PERSON,ad********ed,exact
improved,REC-00597,REC-00597-E02,PERSON,La********ni,exact
improved,REC-00598,REC-00598-E01,PERSON,Pa***********ri,exact
improved,REC-00598,REC-00598-E02,PERSON,Bi******za,exact
improved,REC-00606,REC-00606-E05,PERSON,No*******ig,exact
improved,REC-00612,REC-00612-E05,PERSON,Om*****or,exact
improved,REC-00618,REC-00618-E01,PERSON,no*********ut,exact
improved,REC-00622,REC-00622-E01,PERSON,Da********ez,exact
improved,REC-00623,REC-00623-E01,PERSON,wa********ni,exact
improved,REC-00624,REC-00624-E01,PERSON,Al************al,exact
improved,REC-00627,REC-00627-E01,PERSON,Me********ig,exact
improved,REC-00628,REC-00628-E01,PERSON,Na*******ar,exact
improved,REC-00630,REC-00630-E01,PERSON,Wa*******zi,exact
improved,REC-00634,REC-00634-E02,PERSON,Pa***************ob,exact
improved,REC-00642,REC-00642-E01,PERSON,Ki*******ar,exact
improved,REC-00642,REC-00642-E05,PERSON,Ki*********hi,exact
improved,REC-00644,REC-00644-E01,PERSON,GH*********EZ,exact
improved,REC-00646,REC-00646-E01,PERSON,Sa*******ar,exact
improved,REC-00651,REC-00651-E02,PERSON,BU*********ED,exact
improved,REC-00660,REC-00660-E05,PERSON,Ki********ma,exact
improved,REC-00664,REC-00664-E03,PERSON,Us********kh,exact
improved,REC-00674,REC-00674-E02,PERSON,me**********ni,exact
improved,REC-00676,REC-00676-E01,PERSON,Me**********ni,exact
improved,REC-00681,REC-00681-E02,PERSON,Me***************ni,exact
improved,REC-00684,REC-00684-E05,PERSON,Wa********ni,exact
improved,REC-00686,REC-00686-E01,PERSON,ad*******hi,exact
improved,REC-00690,REC-00690-E01,PERSON,Na********ed,exact
improved,REC-00693,REC-00693-E01,PERSON,Na*********ma,exact
improved,REC-00694,REC-00694-E01,PERSON,Uz******ed,exact
improved,REC-00695,REC-00695-E01,PERSON,iq*************ri,exact
improved,REC-00700,REC-00700-E01,PERSON,TA*************RI,exact
improved,REC-00702,REC-00702-E05,PERSON,Bi******ar,exact
improved,REC-00708,REC-00708-E05,PERSON,Eh*******za,exact
improved,REC-00714,REC-00714-E01,PERSON,Eh******za,exact
improved,REC-00714,REC-00714-E05,PERSON,Sa**********ry,exact
improved,REC-00719,REC-00719-E01,PERSON,Eh*******ar,exact
improved,REC-00721,REC-00721-E01,PERSON,Ha******or,exact
improved,REC-00721,REC-00721-E03,ADDRESS,ne***************************************************an,exact
improved,REC-00725,REC-00725-E01,PERSON,OM*******UA,exact
improved,REC-00725,REC-00725-E05,PERSON,OM*******UA,exact
improved,REC-00726,REC-00726-E03,CNIC,61*********43,exact
improved,REC-00726,REC-00726-E05,PERSON,Im********ut,exact
improved,REC-00732,REC-00732-E05,PERSON,Ha*********ma,exact
improved,REC-00736,REC-00736-E01,PERSON,Na***********ui,exact
improved,REC-00747,REC-00747-E04,ADDRESS,ne*********************************************ta,exact
improved,REC-00748,REC-00748-E02,PERSON,Ad*******ar,exact
improved,REC-00749,REC-00749-E01,PERSON,Ad******ig,exact
improved,REC-00749,REC-00749-E04,PERSON,Ad******ig,exact
improved,REC-00750,REC-00750-E01,PERSON,KI*******ZA,exact
improved,REC-00751,REC-00751-E01,PERSON,na*******ni,exact
improved,REC-00756,REC-00756-E05,PERSON,No*********mi,exact
improved,REC-00762,REC-00762-E05,PERSON,Al*******ma,exact
improved,REC-00766,REC-00766-E02,PERSON,Ma**********ut,exact
improved,REC-00780,REC-00780-E05,PERSON,Bi**********ui,exact
improved,REC-00783,REC-00783-E01,PERSON,Ad*******al,exact
improved,REC-00789,REC-00789-E01,PERSON,Fa********al,exact
improved,REC-00790,REC-00790-E01,PERSON,Fa********zi,exact
improved,REC-00790,REC-00790-E02,PERSON,Ri*********ut,exact
improved,REC-00796,REC-00796-E01,PERSON,Bi************ar,exact
improved,REC-00796,REC-00796-E02,PERSON,Fa*********ri,exact
improved,REC-00797,REC-00797-E01,PERSON,Me**********ni,exact
improved,REC-00797,REC-00797-E05,PERSON,Me**********ni,exact
improved,REC-00799,REC-00799-E02,ADDRESS,ne********************************************************di,exact
improved,REC-00802,REC-00802-E02,PERSON,us******or,exact
improved,REC-00809,REC-00809-E01,PERSON,No**********qi,exact
improved,REC-00809,REC-00809-E05,PERSON,No**********qi,exact
improved,REC-00811,REC-00811-E01,PERSON,Bu*********ma,exact
improved,REC-00814,REC-00814-E01,PERSON,La*******ar,exact
improved,REC-00822,REC-00822-E01,PERSON,Da********ua,exact
improved,REC-00822,REC-00822-E05,PERSON,Wa*********ni,exact
improved,REC-00826,REC-00826-E03,PERSON,gh*******ig,exact
improved,REC-00827,REC-00827-E03,PERSON,AY********HI,exact
improved,REC-00844,REC-00844-E01,PERSON,Da********ob,exact
improved,REC-00844,REC-00844-E02,PERSON,Bu*********ed,exact
improved,REC-00849,REC-00849-E02,PERSON,Bi*******ut,exact
improved,REC-00850,REC-00850-E01,PERSON,Ha*******al,exact
improved,CHAL-013,CHAL-013-E01,CNIC,41*********93,exact
improved,CHAL-015,CHAL-015-E01,PERSON,sh*********si,exact
