mode,entity_type,gt_count,residual_count,residual_rate,exact_value_matches,digit_sequence_matches,not_fully_redacted,partial_leaks_not_value_matched
baseline,PERSON,1100,344,0.3127,344,0,398,59
baseline,PHONE_NUMBER,640,48,0.0750,48,0,48,0
baseline,CNIC,203,202,0.9951,202,0,203,1
baseline,EMAIL_ADDRESS,431,0,0.0000,0,0,0,0
baseline,ADDRESS,416,69,0.1659,69,0,416,347
baseline,POSTAL_CODE,177,175,0.9887,175,0,175,0
baseline,CUSTOMER_ID,445,406,0.9124,406,0,421,15
baseline,OVERALL,3412,1244,0.3646,1244,0,1661,422
improved,PERSON,1100,222,0.2018,222,0,256,40
improved,PHONE_NUMBER,640,0,0.0000,0,0,0,0
improved,CNIC,203,8,0.0394,8,0,8,0
improved,EMAIL_ADDRESS,431,0,0.0000,0,0,0,0
improved,ADDRESS,416,6,0.0144,6,0,44,38
improved,POSTAL_CODE,177,0,0.0000,0,0,0,0
improved,CUSTOMER_ID,445,0,0.0000,0,0,0,0
improved,OVERALL,3412,236,0.0692,236,0,308,78
